"","H_num","POP_ID","value","trait","SPECIES","LOCATION_CODE","POP_CODE","GrowthForm"
"1","H1","ACMI_NMNC_CM",0,"SLA","ACMI","NMNC","CM","FORB"
"2","H2","ACMI_NMNC_CM",28.0873543766401,"SLA","ACMI","NMNC","CM","FORB"
"3","H3","ACMI_NMNC_CM",47.7977633477634,"SLA","ACMI","NMNC","CM","FORB"
"4","H4","ACMI_NMNC_CM",7.46738970588235,"SLA","ACMI","NMNC","CM","FORB"
"5","H1","ACMI_UTNW_CCC",0,"SLA","ACMI","UTNW","CCC","FORB"
"6","H2","ACMI_UTNW_CCC",67.1239404589622,"SLA","ACMI","UTNW","CCC","FORB"
"7","H3","ACMI_UTNW_CCC",33.8625,"SLA","ACMI","UTNW","CCC","FORB"
"8","H4","ACMI_UTNW_CCC",23.0895489794099,"SLA","ACMI","UTNW","CCC","FORB"
"9","H1","ACMI_UTNW_VE",43.2857142857143,"SLA","ACMI","UTNW","VE","FORB"
"10","H2","ACMI_UTNW_VE",23.6868055555556,"SLA","ACMI","UTNW","VE","FORB"
"11","H3","ACMI_UTNW_VE",38.5179211214065,"SLA","ACMI","UTNW","VE","FORB"
"12","H4","ACMI_UTNW_VE",22.2788659841969,"SLA","ACMI","UTNW","VE","FORB"
"13","H1","ARTR_UTC_MC",16.9,"SLA","ARTR","UTC","MC","FORB"
"14","H2","ARTR_UTC_MC",29.0068846270009,"SLA","ARTR","UTC","MC","FORB"
"15","H3","ARTR_UTC_MC",21.904601001835,"SLA","ARTR","UTC","MC","FORB"
"16","H4","ARTR_UTC_MC",22.1765894687364,"SLA","ARTR","UTC","MC","FORB"
"17","H1","ARTR_UTSC_B",174,"SLA","ARTR","UTSC","B","FORB"
"18","H2","ARTR_UTSC_B",53.7210277214334,"SLA","ARTR","UTSC","B","FORB"
"19","H3","ARTR_UTSC_B",25.7896612471349,"SLA","ARTR","UTSC","B","FORB"
"20","H4","ARTR_UTSC_B",20.6502230160357,"SLA","ARTR","UTSC","B","FORB"
"21","H1","ARTR_UTSE_MO",12.8014184397163,"SLA","ARTR","UTSE","MO","FORB"
"22","H2","ARTR_UTSE_MO",20.4037549407115,"SLA","ARTR","UTSE","MO","FORB"
"23","H3","ARTR_UTSE_MO",20.7367839180027,"SLA","ARTR","UTSE","MO","FORB"
"24","H4","ARTR_UTSE_MO",15.5864154717852,"SLA","ARTR","UTSE","MO","FORB"
"25","H1","ARTR_UTSW_BJ",24.075,"SLA","ARTR","UTSW","BJ","FORB"
"26","H2","ARTR_UTSW_BJ",23.8172619047619,"SLA","ARTR","UTSW","BJ","FORB"
"27","H3","ARTR_UTSW_BJ",26.1049636242578,"SLA","ARTR","UTSW","BJ","FORB"
"28","H4","ARTR_UTSW_BJ",31.5678240740741,"SLA","ARTR","UTSW","BJ","FORB"
"29","H1","ARTR_UTSW_MV",24.059756097561,"SLA","ARTR","UTSW","MV","FORB"
"30","H2","ARTR_UTSW_MV",26.5230769230769,"SLA","ARTR","UTSW","MV","FORB"
"31","H3","ARTR_UTSW_MV",29.5272824895902,"SLA","ARTR","UTSW","MV","FORB"
"32","H4","ARTR_UTSW_MV",29.5751250658241,"SLA","ARTR","UTSW","MV","FORB"
"33","H1","ARTR_UTSW_OCR",NA,"SLA","ARTR","UTSW","OCR","FORB"
"34","H2","ARTR_UTSW_OCR",36.189795034642,"SLA","ARTR","UTSW","OCR","FORB"
"35","H3","ARTR_UTSW_OCR",30.5081433079316,"SLA","ARTR","UTSW","OCR","FORB"
"36","H4","ARTR_UTSW_OCR",24.2169834520211,"SLA","ARTR","UTSW","OCR","FORB"
"37","H1","ELTR_NMNW_C",56.7318452380952,"SLA","ELTR","NMNW","C","GRASS"
"38","H2","ELTR_NMNW_C",53.3105655314757,"SLA","ELTR","NMNW","C","GRASS"
"39","H3","ELTR_NMNW_C",38.2339488002948,"SLA","ELTR","NMNW","C","GRASS"
"40","H4","ELTR_NMNW_C",26.2532070513551,"SLA","ELTR","NMNW","C","GRASS"
"41","H1","ELTR_UTC_TMC",90.7665748369783,"SLA","ELTR","UTC","TMC","GRASS"
"42","H2","ELTR_UTC_TMC",48.5161172161172,"SLA","ELTR","UTC","TMC","GRASS"
"43","H3","ELTR_UTC_TMC",67.9489834943639,"SLA","ELTR","UTC","TMC","GRASS"
"44","H4","ELTR_UTC_TMC",36.8054763934559,"SLA","ELTR","UTC","TMC","GRASS"
"45","H1","ELTR_UTSW_DNF",60.9266448624904,"SLA","ELTR","UTSW","DNF","GRASS"
"46","H2","ELTR_UTSW_DNF",72.2868004614522,"SLA","ELTR","UTSW","DNF","GRASS"
"47","H3","ELTR_UTSW_DNF",38.5735834945197,"SLA","ELTR","UTSW","DNF","GRASS"
"48","H4","ELTR_UTSW_DNF",72.4156068034994,"SLA","ELTR","UTSW","DNF","GRASS"
"49","H1","ELTR_UTSW_SP",184.830278186588,"SLA","ELTR","UTSW","SP","GRASS"
"50","H2","ELTR_UTSW_SP",81.6511823201655,"SLA","ELTR","UTSW","SP","GRASS"
"51","H3","ELTR_UTSW_SP",89.0955034213099,"SLA","ELTR","UTSW","SP","GRASS"
"52","H4","ELTR_UTSW_SP",91.6824305575073,"SLA","ELTR","UTSW","SP","GRASS"
"53","H1","HEAN_AZSE_HWD",12.1086080586081,"SLA","HEAN","AZSE","HWD","FORB"
"54","H2","HEAN_AZSE_HWD",61.4086805555556,"SLA","HEAN","AZSE","HWD","FORB"
"55","H3","HEAN_AZSE_HWD",35.8219721767594,"SLA","HEAN","AZSE","HWD","FORB"
"56","H4","HEAN_AZSE_HWD",24.4818032256704,"SLA","HEAN","AZSE","HWD","FORB"
"57","H1","HEAN_UTEC_CI",0,"SLA","HEAN","UTEC","CI","FORB"
"58","H2","HEAN_UTEC_CI",52.6274363883399,"SLA","HEAN","UTEC","CI","FORB"
"59","H3","HEAN_UTEC_CI",43.8580043773782,"SLA","HEAN","UTEC","CI","FORB"
"60","H4","HEAN_UTEC_CI",21.1865585778426,"SLA","HEAN","UTEC","CI","FORB"
"61","H1","HEAN_UTEC_ONWR",51.8766666666667,"SLA","HEAN","UTEC","ONWR","FORB"
"62","H2","HEAN_UTEC_ONWR",26.291314698852,"SLA","HEAN","UTEC","ONWR","FORB"
"63","H3","HEAN_UTEC_ONWR",24.6353366537964,"SLA","HEAN","UTEC","ONWR","FORB"
"64","H4","HEAN_UTEC_ONWR",24.1360220769544,"SLA","HEAN","UTEC","ONWR","FORB"
"65","H1","HEAN_UTSE_VNS",0,"SLA","HEAN","UTSE","VNS","FORB"
"66","H2","HEAN_UTSE_VNS",26.5436140350877,"SLA","HEAN","UTSE","VNS","FORB"
"67","H3","HEAN_UTSE_VNS",30.6679828727154,"SLA","HEAN","UTSE","VNS","FORB"
"68","H1","HECO_AZNC_KV",47.5679608585859,"SLA","HECO","AZNC","KV","GRASS"
"69","H2","HECO_AZNC_KV",34.2434861386601,"SLA","HECO","AZNC","KV","GRASS"
"70","H3","HECO_AZNC_KV",35.6860507785396,"SLA","HECO","AZNC","KV","GRASS"
"71","H4","HECO_AZNC_KV",17.6803571428571,"SLA","HECO","AZNC","KV","GRASS"
"72","H1","HECO_UTC_KRRS",43.3248116289199,"SLA","HECO","UTC","KRRS","GRASS"
"73","H2","HECO_UTC_KRRS",33.6231170879986,"SLA","HECO","UTC","KRRS","GRASS"
"74","H3","HECO_UTC_KRRS",25.7150606639839,"SLA","HECO","UTC","KRRS","GRASS"
"75","H4","HECO_UTC_KRRS",50.2770731400003,"SLA","HECO","UTC","KRRS","GRASS"
"76","H1","HECO_UTC_TMR",47.1525850611377,"SLA","HECO","UTC","TMR","GRASS"
"77","H2","HECO_UTC_TMR",26.168000565337,"SLA","HECO","UTC","TMR","GRASS"
"78","H3","HECO_UTC_TMR",25.5116042764823,"SLA","HECO","UTC","TMR","GRASS"
"79","H4","HECO_UTC_TMR",16.9234209611247,"SLA","HECO","UTC","TMR","GRASS"
"80","H1","HECO_UTEC_GRC",43.0568376068376,"SLA","HECO","UTEC","GRC","GRASS"
"81","H2","HECO_UTEC_GRC",30.5916545999331,"SLA","HECO","UTEC","GRC","GRASS"
"82","H3","HECO_UTEC_GRC",28.3442523244489,"SLA","HECO","UTEC","GRC","GRASS"
"83","H4","HECO_UTEC_GRC",17.4977940759801,"SLA","HECO","UTEC","GRC","GRASS"
"84","H1","HECO_UTSW_SPR",38.8275585234094,"SLA","HECO","UTSW","SPR","GRASS"
"85","H2","HECO_UTSW_SPR",34.7128252412076,"SLA","HECO","UTSW","SPR","GRASS"
"86","H3","HECO_UTSW_SPR",26.4851424544448,"SLA","HECO","UTSW","SPR","GRASS"
"87","H4","HECO_UTSW_SPR",22.7592656449553,"SLA","HECO","UTSW","SPR","GRASS"
"88","H1","HEVI_AZNC_KV",0,"SLA","HEVI","AZNC","KV","FORB"
"89","H2","HEVI_AZNC_KV",93.1904761904762,"SLA","HEVI","AZNC","KV","FORB"
"90","H3","HEVI_AZNC_KV",27.0120879120879,"SLA","HEVI","AZNC","KV","FORB"
"91","H4","HEVI_AZNC_KV",32.5425493738049,"SLA","HEVI","AZNC","KV","FORB"
"92","H1","HEVI_COSW_DE",NA,"SLA","HEVI","COSW","DE","FORB"
"93","H2","HEVI_COSW_DE",42.925,"SLA","HEVI","COSW","DE","FORB"
"94","H3","HEVI_COSW_DE",30.6608864921288,"SLA","HEVI","COSW","DE","FORB"
"95","H4","HEVI_COSW_DE",38.4484837092732,"SLA","HEVI","COSW","DE","FORB"
"96","H1","HEVI_NMNW_NC",0,"SLA","HEVI","NMNW","NC","FORB"
"97","H2","HEVI_NMNW_NC",29.4090909090909,"SLA","HEVI","NMNW","NC","FORB"
"98","H3","HEVI_NMNW_NC",14.4767902097902,"SLA","HEVI","NMNW","NC","FORB"
"99","H4","HEVI_NMNW_NC",37.3576961309705,"SLA","HEVI","NMNW","NC","FORB"
"100","H1","HEVI_NMNW_ND",NA,"SLA","HEVI","NMNW","ND","FORB"
"101","H2","HEVI_NMNW_ND",16.1316666666667,"SLA","HEVI","NMNW","ND","FORB"
"102","H3","HEVI_NMNW_ND",39.8278966131907,"SLA","HEVI","NMNW","ND","FORB"
"103","H4","HEVI_NMNW_ND",25.641366217515,"SLA","HEVI","NMNW","ND","FORB"
"104","H1","MACA_NMNW_CU",4.09375,"SLA","MACA","NMNW","CU","FORB"
"105","H2","MACA_NMNW_CU",31.1886408730159,"SLA","MACA","NMNW","CU","FORB"
"106","H3","MACA_NMNW_CU",45.7053872053872,"SLA","MACA","NMNW","CU","FORB"
"107","H4","MACA_NMNW_CU",30.4339671769923,"SLA","MACA","NMNW","CU","FORB"
"108","H1","MACA_NMNW_FC",10.65,"SLA","MACA","NMNW","FC","FORB"
"109","H2","MACA_NMNW_FC",44.2843269230769,"SLA","MACA","NMNW","FC","FORB"
"110","H3","MACA_NMNW_FC",22.3390400581154,"SLA","MACA","NMNW","FC","FORB"
"111","H4","MACA_NMNW_FC",21.9249617048825,"SLA","MACA","NMNW","FC","FORB"
"112","H1","MACA_UTC_MK",33.3,"SLA","MACA","UTC","MK","FORB"
"113","H2","MACA_UTC_MK",36.7843055555556,"SLA","MACA","UTC","MK","FORB"
"114","H3","MACA_UTC_MK",39.8146417161114,"SLA","MACA","UTC","MK","FORB"
"115","H4","MACA_UTC_MK",29.4007406294993,"SLA","MACA","UTC","MK","FORB"
"116","H1","MACA_UTNE_BON",NA,"SLA","MACA","UTNE","BON","FORB"
"117","H2","MACA_UTNE_BON",92.2686613744922,"SLA","MACA","UTNE","BON","FORB"
"118","H3","MACA_UTNE_BON",35.7938775510204,"SLA","MACA","UTNE","BON","FORB"
"119","H4","MACA_UTNE_BON",18.3650436329056,"SLA","MACA","UTNE","BON","FORB"
"120","H1","MACA_UTSE_CSR",0,"SLA","MACA","UTSE","CSR","FORB"
"121","H2","MACA_UTSE_CSR",52.7463333333333,"SLA","MACA","UTSE","CSR","FORB"
"122","H3","MACA_UTSE_CSR",37.5965563322794,"SLA","MACA","UTSE","CSR","FORB"
"123","H4","MACA_UTSE_CSR",32.2118246625816,"SLA","MACA","UTSE","CSR","FORB"
"124","H1","MACA_UTSW_BJ",28.4027777777778,"SLA","MACA","UTSW","BJ","FORB"
"125","H2","MACA_UTSW_BJ",30.3038779335287,"SLA","MACA","UTSW","BJ","FORB"
"126","H3","MACA_UTSW_BJ",32.9155405405405,"SLA","MACA","UTSW","BJ","FORB"
"127","H4","MACA_UTSW_BJ",22.5688088819979,"SLA","MACA","UTSW","BJ","FORB"
"128","H1","MUPO_AZSE_BRR",12.4443649045521,"SLA","MUPO","AZSE","BRR","GRASS"
"129","H2","MUPO_AZSE_BRR",23.785360094451,"SLA","MUPO","AZSE","BRR","GRASS"
"130","H3","MUPO_AZSE_BRR",22.9747234938082,"SLA","MUPO","AZSE","BRR","GRASS"
"131","H4","MUPO_AZSE_BRR",49.3320332758303,"SLA","MUPO","AZSE","BRR","GRASS"
"132","H1","MUPO_AZSE_MRR",25.2938759165376,"SLA","MUPO","AZSE","MRR","GRASS"
"133","H2","MUPO_AZSE_MRR",24.8339393939394,"SLA","MUPO","AZSE","MRR","GRASS"
"134","H3","MUPO_AZSE_MRR",15.6628359128359,"SLA","MUPO","AZSE","MRR","GRASS"
"135","H4","MUPO_AZSE_MRR",50.9273317023892,"SLA","MUPO","AZSE","MRR","GRASS"
"136","H1","MUPO_AZSE_SIT",38.2044819634018,"SLA","MUPO","AZSE","SIT","GRASS"
"137","H2","MUPO_AZSE_SIT",21.5090131578947,"SLA","MUPO","AZSE","SIT","GRASS"
"138","H3","MUPO_AZSE_SIT",23.5572572572573,"SLA","MUPO","AZSE","SIT","GRASS"
"139","H4","MUPO_AZSE_SIT",50.2888711254973,"SLA","MUPO","AZSE","SIT","GRASS"
"140","H1","PAMU_AZNC_WMR",NA,"SLA","PAMU","AZNC","WMR","FORB"
"141","H2","PAMU_AZNC_WMR",187.25,"SLA","PAMU","AZNC","WMR","FORB"
"142","H3","PAMU_AZNC_WMR",55.880126984127,"SLA","PAMU","AZNC","WMR","FORB"
"143","H4","PAMU_AZNC_WMR",23.8527717240719,"SLA","PAMU","AZNC","WMR","FORB"
"144","H1","PAMU_UTC_WR",NA,"SLA","PAMU","UTC","WR","FORB"
"145","H2","PAMU_UTC_WR",75.6763463513847,"SLA","PAMU","UTC","WR","FORB"
"146","H3","PAMU_UTC_WR",42.5405882352941,"SLA","PAMU","UTC","WR","FORB"
"147","H4","PAMU_UTC_WR",19.5488136715904,"SLA","PAMU","UTC","WR","FORB"
"148","H1","PAMU_UTEC_MC",NA,"SLA","PAMU","UTEC","MC","FORB"
"149","H2","PAMU_UTEC_MC",7.66206420795872,"SLA","PAMU","UTEC","MC","FORB"
"150","H3","PAMU_UTEC_MC",50.7340592006033,"SLA","PAMU","UTEC","MC","FORB"
"151","H4","PAMU_UTEC_MC",27.6006470952613,"SLA","PAMU","UTEC","MC","FORB"
"152","H1","PAMU_UTSE_MO",NA,"SLA","PAMU","UTSE","MO","FORB"
"153","H2","PAMU_UTSE_MO",33.2131380008376,"SLA","PAMU","UTSE","MO","FORB"
"154","H3","PAMU_UTSE_MO",41.4041015625,"SLA","PAMU","UTSE","MO","FORB"
"155","H4","PAMU_UTSE_MO",22.947415282392,"SLA","PAMU","UTSE","MO","FORB"
"156","H1","PAMU_UTSW_CP",NA,"SLA","PAMU","UTSW","CP","FORB"
"157","H2","PAMU_UTSW_CP",90.8825757575758,"SLA","PAMU","UTSW","CP","FORB"
"158","H3","PAMU_UTSW_CP",59.3182323232323,"SLA","PAMU","UTSW","CP","FORB"
"159","H4","PAMU_UTSW_CP",22.6282565195047,"SLA","PAMU","UTSW","CP","FORB"
"160","H1","PLPA_AZC_TC",78.9996212121212,"SLA","PLPA","AZC","TC","FORB"
"161","H2","PLPA_AZC_TC",52.0472941529606,"SLA","PLPA","AZC","TC","FORB"
"162","H3","PLPA_AZC_TC",26.8994111120279,"SLA","PLPA","AZC","TC","FORB"
"163","H4","PLPA_AZC_TC",104.591313018242,"SLA","PLPA","AZC","TC","FORB"
"164","H1","PLPA_AZNE_HB",99.1022916666667,"SLA","PLPA","AZNE","HB","FORB"
"165","H2","PLPA_AZNE_HB",62.6619083140503,"SLA","PLPA","AZNE","HB","FORB"
"166","H3","PLPA_AZNE_HB",35.3358977295082,"SLA","PLPA","AZNE","HB","FORB"
"167","H4","PLPA_AZNE_HB",117.990909090909,"SLA","PLPA","AZNE","HB","FORB"
"168","H1","PLPA_COSW_UP",71.1582386363636,"SLA","PLPA","COSW","UP","FORB"
"169","H2","PLPA_COSW_UP",46.8619964788732,"SLA","PLPA","COSW","UP","FORB"
"170","H3","PLPA_COSW_UP",30.8346279296779,"SLA","PLPA","COSW","UP","FORB"
"171","H4","PLPA_COSW_UP",107.316724349562,"SLA","PLPA","COSW","UP","FORB"
"172","H1","PLPA_UTNE_BWR",80.4299603174603,"SLA","PLPA","UTNE","BWR","FORB"
"173","H2","PLPA_UTNE_BWR",73.3270508269621,"SLA","PLPA","UTNE","BWR","FORB"
"174","H3","PLPA_UTNE_BWR",48.5808341903195,"SLA","PLPA","UTNE","BWR","FORB"
"175","H4","PLPA_UTNE_BWR",173.022878712045,"SLA","PLPA","UTNE","BWR","FORB"
"176","H1","PLPA_UTSC_BTR",94.2454159108491,"SLA","PLPA","UTSC","BTR","FORB"
"177","H2","PLPA_UTSC_BTR",77.6798136982396,"SLA","PLPA","UTSC","BTR","FORB"
"178","H3","PLPA_UTSC_BTR",61.4157104526885,"SLA","PLPA","UTSC","BTR","FORB"
"179","H4","PLPA_UTSC_BTR",136.871022201665,"SLA","PLPA","UTSC","BTR","FORB"
"180","H1","PLPA_UTSW_HR",114.853777894922,"SLA","PLPA","UTSW","HR","FORB"
"181","H2","PLPA_UTSW_HR",75.5816071428571,"SLA","PLPA","UTSW","HR","FORB"
"182","H3","PLPA_UTSW_HR",70.5791000502765,"SLA","PLPA","UTSW","HR","FORB"
"183","H4","PLPA_UTSW_HR",296.494601889339,"SLA","PLPA","UTSW","HR","FORB"
"184","H1","VUOC_AZSW_WB",123.428244631186,"SLA","VUOC","AZSW","WB","GRASS"
"185","H2","VUOC_AZSW_WB",100.474152930403,"SLA","VUOC","AZSW","WB","GRASS"
"186","H3","VUOC_AZSW_WB",50.9292345936569,"SLA","VUOC","AZSW","WB","GRASS"
"187","H4","VUOC_AZSW_WB",65.9332789337685,"SLA","VUOC","AZSW","WB","GRASS"
"188","H1","VUOC_UTC_GRC",120.047298178621,"SLA","VUOC","UTC","GRC","GRASS"
"189","H2","VUOC_UTC_GRC",154.028248400366,"SLA","VUOC","UTC","GRC","GRASS"
"190","H3","VUOC_UTC_GRC",93.5230958195244,"SLA","VUOC","UTC","GRC","GRASS"
"191","H4","VUOC_UTC_GRC",33.2063693693694,"SLA","VUOC","UTC","GRC","GRASS"
"192","H1","VUOC_UTSE_IM",82.0687842199547,"SLA","VUOC","UTSE","IM","GRASS"
"193","H2","VUOC_UTSE_IM",109.686382335448,"SLA","VUOC","UTSE","IM","GRASS"
"194","H3","VUOC_UTSE_IM",92.4657388716356,"SLA","VUOC","UTSE","IM","GRASS"
"195","H4","VUOC_UTSE_IM",92.8457952069717,"SLA","VUOC","UTSE","IM","GRASS"
"196","H1","VUOC_UTSE_LM",149.564389481576,"SLA","VUOC","UTSE","LM","GRASS"
"197","H2","VUOC_UTSE_LM",96.6983601429255,"SLA","VUOC","UTSE","LM","GRASS"
"198","H3","VUOC_UTSE_LM",67.5813962165577,"SLA","VUOC","UTSE","LM","GRASS"
"199","H4","VUOC_UTSE_LM",92.0489711934156,"SLA","VUOC","UTSE","LM","GRASS"
"200","H1","VUOC_UTSW_HR",135.333333333333,"SLA","VUOC","UTSW","HR","GRASS"
"201","H2","VUOC_UTSW_HR",99.8770820707071,"SLA","VUOC","UTSW","HR","GRASS"
"202","H3","VUOC_UTSW_HR",54.7095886283961,"SLA","VUOC","UTSW","HR","GRASS"
"203","H4","VUOC_UTSW_HR",42.9881114718615,"SLA","VUOC","UTSW","HR","GRASS"
"204","H1","ACMI_NMNC_CM",0.380952380952381,"LDMC","ACMI","NMNC","CM","FORB"
"205","H2","ACMI_NMNC_CM",0.111029438405797,"LDMC","ACMI","NMNC","CM","FORB"
"206","H3","ACMI_NMNC_CM",0.103881766381766,"LDMC","ACMI","NMNC","CM","FORB"
"207","H4","ACMI_NMNC_CM",0.139112235638474,"LDMC","ACMI","NMNC","CM","FORB"
"208","H1","ACMI_UTNW_CCC",0.0141444444444444,"LDMC","ACMI","UTNW","CCC","FORB"
"209","H2","ACMI_UTNW_CCC",0.0825833333333333,"LDMC","ACMI","UTNW","CCC","FORB"
"210","H3","ACMI_UTNW_CCC",0.106060606060606,"LDMC","ACMI","UTNW","CCC","FORB"
"211","H4","ACMI_UTNW_CCC",0.114716438901382,"LDMC","ACMI","UTNW","CCC","FORB"
"212","H1","ACMI_UTNW_VE",0.275,"LDMC","ACMI","UTNW","VE","FORB"
"213","H2","ACMI_UTNW_VE",0.272324929971989,"LDMC","ACMI","UTNW","VE","FORB"
"214","H3","ACMI_UTNW_VE",0.127786045279205,"LDMC","ACMI","UTNW","VE","FORB"
"215","H4","ACMI_UTNW_VE",0.102648151172662,"LDMC","ACMI","UTNW","VE","FORB"
"216","H1","ARTR_UTC_MC",0.0909090909090909,"LDMC","ARTR","UTC","MC","FORB"
"217","H2","ARTR_UTC_MC",0.146547619047619,"LDMC","ARTR","UTC","MC","FORB"
"218","H3","ARTR_UTC_MC",0.155639249776898,"LDMC","ARTR","UTC","MC","FORB"
"219","H4","ARTR_UTC_MC",0.1165263616157,"LDMC","ARTR","UTC","MC","FORB"
"220","H1","ARTR_UTSC_B",0.00625,"LDMC","ARTR","UTSC","B","FORB"
"221","H2","ARTR_UTSC_B",0.135155274748827,"LDMC","ARTR","UTSC","B","FORB"
"222","H3","ARTR_UTSC_B",0.134522939728366,"LDMC","ARTR","UTSC","B","FORB"
"223","H4","ARTR_UTSC_B",0.2021040365432,"LDMC","ARTR","UTSC","B","FORB"
"224","H1","ARTR_UTSE_MO",0.14,"LDMC","ARTR","UTSE","MO","FORB"
"225","H2","ARTR_UTSE_MO",0.163236134934248,"LDMC","ARTR","UTSE","MO","FORB"
"226","H3","ARTR_UTSE_MO",0.138398351569073,"LDMC","ARTR","UTSE","MO","FORB"
"227","H4","ARTR_UTSE_MO",0.259930204600959,"LDMC","ARTR","UTSE","MO","FORB"
"228","H1","ARTR_UTSW_BJ",0.143849206349206,"LDMC","ARTR","UTSW","BJ","FORB"
"229","H2","ARTR_UTSW_BJ",0.148816930618401,"LDMC","ARTR","UTSW","BJ","FORB"
"230","H3","ARTR_UTSW_BJ",0.139324000306999,"LDMC","ARTR","UTSW","BJ","FORB"
"231","H4","ARTR_UTSW_BJ",0.165330018445745,"LDMC","ARTR","UTSW","BJ","FORB"
"232","H1","ARTR_UTSW_MV",0.25,"LDMC","ARTR","UTSW","MV","FORB"
"233","H2","ARTR_UTSW_MV",0.128407833951461,"LDMC","ARTR","UTSW","MV","FORB"
"234","H3","ARTR_UTSW_MV",0.125578843948685,"LDMC","ARTR","UTSW","MV","FORB"
"235","H4","ARTR_UTSW_MV",0.142124879308369,"LDMC","ARTR","UTSW","MV","FORB"
"236","H1","ARTR_UTSW_OCR",NA,"LDMC","ARTR","UTSW","OCR","FORB"
"237","H2","ARTR_UTSW_OCR",0.111601640220504,"LDMC","ARTR","UTSW","OCR","FORB"
"238","H3","ARTR_UTSW_OCR",0.135305439255186,"LDMC","ARTR","UTSW","OCR","FORB"
"239","H4","ARTR_UTSW_OCR",0.165788175743538,"LDMC","ARTR","UTSW","OCR","FORB"
"240","H1","ELTR_NMNW_C",0.191327216508705,"LDMC","ELTR","NMNW","C","GRASS"
"241","H2","ELTR_NMNW_C",0.203030695669459,"LDMC","ELTR","NMNW","C","GRASS"
"242","H3","ELTR_NMNW_C",0.221060530695081,"LDMC","ELTR","NMNW","C","GRASS"
"243","H4","ELTR_NMNW_C",0.270049982209771,"LDMC","ELTR","NMNW","C","GRASS"
"244","H1","ELTR_UTC_TMC",0.106670134114252,"LDMC","ELTR","UTC","TMC","GRASS"
"245","H2","ELTR_UTC_TMC",0.273777777777778,"LDMC","ELTR","UTC","TMC","GRASS"
"246","H3","ELTR_UTC_TMC",0.149955005238616,"LDMC","ELTR","UTC","TMC","GRASS"
"247","H4","ELTR_UTC_TMC",0.193773053381006,"LDMC","ELTR","UTC","TMC","GRASS"
"248","H1","ELTR_UTSW_DNF",0.221031809599592,"LDMC","ELTR","UTSW","DNF","GRASS"
"249","H2","ELTR_UTSW_DNF",0.127810743098261,"LDMC","ELTR","UTSW","DNF","GRASS"
"250","H3","ELTR_UTSW_DNF",0.223812782663237,"LDMC","ELTR","UTSW","DNF","GRASS"
"251","H4","ELTR_UTSW_DNF",0.220505837675022,"LDMC","ELTR","UTSW","DNF","GRASS"
"252","H1","ELTR_UTSW_SP",0.079088992989669,"LDMC","ELTR","UTSW","SP","GRASS"
"253","H2","ELTR_UTSW_SP",0.170511363636364,"LDMC","ELTR","UTSW","SP","GRASS"
"254","H3","ELTR_UTSW_SP",0.141202125933139,"LDMC","ELTR","UTSW","SP","GRASS"
"255","H4","ELTR_UTSW_SP",0.185385437177644,"LDMC","ELTR","UTSW","SP","GRASS"
"256","H1","HEAN_AZSE_HWD",0.39515455304929,"LDMC","HEAN","AZSE","HWD","FORB"
"257","H2","HEAN_AZSE_HWD",0.17089931673265,"LDMC","HEAN","AZSE","HWD","FORB"
"258","H3","HEAN_AZSE_HWD",0.108106311976949,"LDMC","HEAN","AZSE","HWD","FORB"
"259","H4","HEAN_AZSE_HWD",0.132837086622298,"LDMC","HEAN","AZSE","HWD","FORB"
"260","H1","HEAN_UTEC_CI",0.179305555555556,"LDMC","HEAN","UTEC","CI","FORB"
"261","H2","HEAN_UTEC_CI",0.0868354500199753,"LDMC","HEAN","UTEC","CI","FORB"
"262","H3","HEAN_UTEC_CI",0.108812774462021,"LDMC","HEAN","UTEC","CI","FORB"
"263","H4","HEAN_UTEC_CI",0.186772413027309,"LDMC","HEAN","UTEC","CI","FORB"
"264","H1","HEAN_UTEC_ONWR",0.0873804080941495,"LDMC","HEAN","UTEC","ONWR","FORB"
"265","H2","HEAN_UTEC_ONWR",0.0937086199408272,"LDMC","HEAN","UTEC","ONWR","FORB"
"266","H3","HEAN_UTEC_ONWR",0.146166407708559,"LDMC","HEAN","UTEC","ONWR","FORB"
"267","H4","HEAN_UTEC_ONWR",0.162652444659495,"LDMC","HEAN","UTEC","ONWR","FORB"
"268","H1","HEAN_UTSE_VNS",0.454545454545455,"LDMC","HEAN","UTSE","VNS","FORB"
"269","H2","HEAN_UTSE_VNS",0.154577605595417,"LDMC","HEAN","UTSE","VNS","FORB"
"270","H3","HEAN_UTSE_VNS",0.140813853182076,"LDMC","HEAN","UTSE","VNS","FORB"
"271","H1","HECO_AZNC_KV",0.19856482125685,"LDMC","HECO","AZNC","KV","GRASS"
"272","H2","HECO_AZNC_KV",0.223248310387185,"LDMC","HECO","AZNC","KV","GRASS"
"273","H3","HECO_AZNC_KV",0.294338776957165,"LDMC","HECO","AZNC","KV","GRASS"
"274","H4","HECO_AZNC_KV",0.341463414634146,"LDMC","HECO","AZNC","KV","GRASS"
"275","H1","HECO_UTC_KRRS",0.240451180472189,"LDMC","HECO","UTC","KRRS","GRASS"
"276","H2","HECO_UTC_KRRS",0.233384167924349,"LDMC","HECO","UTC","KRRS","GRASS"
"277","H3","HECO_UTC_KRRS",0.25321617190538,"LDMC","HECO","UTC","KRRS","GRASS"
"278","H4","HECO_UTC_KRRS",0.333739898233131,"LDMC","HECO","UTC","KRRS","GRASS"
"279","H1","HECO_UTC_TMR",0.159597220523721,"LDMC","HECO","UTC","TMR","GRASS"
"280","H2","HECO_UTC_TMR",0.2519307349587,"LDMC","HECO","UTC","TMR","GRASS"
"281","H3","HECO_UTC_TMR",0.230542394267834,"LDMC","HECO","UTC","TMR","GRASS"
"282","H4","HECO_UTC_TMR",0.253454250555056,"LDMC","HECO","UTC","TMR","GRASS"
"283","H1","HECO_UTEC_GRC",0.166026682559,"LDMC","HECO","UTEC","GRC","GRASS"
"284","H2","HECO_UTEC_GRC",0.230301471370079,"LDMC","HECO","UTEC","GRC","GRASS"
"285","H3","HECO_UTEC_GRC",0.245882345197372,"LDMC","HECO","UTEC","GRC","GRASS"
"286","H4","HECO_UTEC_GRC",0.320280716905212,"LDMC","HECO","UTEC","GRC","GRASS"
"287","H1","HECO_UTSW_SPR",0.224407315816945,"LDMC","HECO","UTSW","SPR","GRASS"
"288","H2","HECO_UTSW_SPR",0.238605743059584,"LDMC","HECO","UTSW","SPR","GRASS"
"289","H3","HECO_UTSW_SPR",0.247066764657325,"LDMC","HECO","UTSW","SPR","GRASS"
"290","H4","HECO_UTSW_SPR",0.314369444514898,"LDMC","HECO","UTSW","SPR","GRASS"
"291","H1","HEVI_AZNC_KV",NA,"LDMC","HEVI","AZNC","KV","FORB"
"292","H2","HEVI_AZNC_KV",0.068547337335587,"LDMC","HEVI","AZNC","KV","FORB"
"293","H3","HEVI_AZNC_KV",0.225347658828812,"LDMC","HEVI","AZNC","KV","FORB"
"294","H4","HEVI_AZNC_KV",0.135121738065101,"LDMC","HEVI","AZNC","KV","FORB"
"295","H1","HEVI_COSW_DE",NA,"LDMC","HEVI","COSW","DE","FORB"
"296","H2","HEVI_COSW_DE",0.333333333333333,"LDMC","HEVI","COSW","DE","FORB"
"297","H3","HEVI_COSW_DE",0.160891316453484,"LDMC","HEVI","COSW","DE","FORB"
"298","H4","HEVI_COSW_DE",0.148318846595762,"LDMC","HEVI","COSW","DE","FORB"
"299","H1","HEVI_NMNW_NC",0.0714285714285714,"LDMC","HEVI","NMNW","NC","FORB"
"300","H2","HEVI_NMNW_NC",0.261760752688172,"LDMC","HEVI","NMNW","NC","FORB"
"301","H3","HEVI_NMNW_NC",0.381830954504906,"LDMC","HEVI","NMNW","NC","FORB"
"302","H4","HEVI_NMNW_NC",0.147211986504803,"LDMC","HEVI","NMNW","NC","FORB"
"303","H1","HEVI_NMNW_ND",NA,"LDMC","HEVI","NMNW","ND","FORB"
"304","H2","HEVI_NMNW_ND",0.206959706959707,"LDMC","HEVI","NMNW","ND","FORB"
"305","H3","HEVI_NMNW_ND",0.249659567339711,"LDMC","HEVI","NMNW","ND","FORB"
"306","H4","HEVI_NMNW_ND",0.137337900406846,"LDMC","HEVI","NMNW","ND","FORB"
"307","H1","MACA_NMNW_CU",0.666666666666667,"LDMC","MACA","NMNW","CU","FORB"
"308","H2","MACA_NMNW_CU",0.177628346843527,"LDMC","MACA","NMNW","CU","FORB"
"309","H3","MACA_NMNW_CU",0.0986253073294681,"LDMC","MACA","NMNW","CU","FORB"
"310","H4","MACA_NMNW_CU",0.157671908577304,"LDMC","MACA","NMNW","CU","FORB"
"311","H1","MACA_NMNW_FC",0.209703703703704,"LDMC","MACA","NMNW","FC","FORB"
"312","H2","MACA_NMNW_FC",0.101370442757328,"LDMC","MACA","NMNW","FC","FORB"
"313","H3","MACA_NMNW_FC",0.153123177133969,"LDMC","MACA","NMNW","FC","FORB"
"314","H4","MACA_NMNW_FC",0.161931626590165,"LDMC","MACA","NMNW","FC","FORB"
"315","H1","MACA_UTC_MK",0.111111111111111,"LDMC","MACA","UTC","MK","FORB"
"316","H2","MACA_UTC_MK",0.121637718006703,"LDMC","MACA","UTC","MK","FORB"
"317","H3","MACA_UTC_MK",0.13512038294647,"LDMC","MACA","UTC","MK","FORB"
"318","H4","MACA_UTC_MK",0.152580368768254,"LDMC","MACA","UTC","MK","FORB"
"319","H1","MACA_UTNE_BON",0.140944881889764,"LDMC","MACA","UTNE","BON","FORB"
"320","H2","MACA_UTNE_BON",0.089512967032967,"LDMC","MACA","UTNE","BON","FORB"
"321","H3","MACA_UTNE_BON",0.101389092484192,"LDMC","MACA","UTNE","BON","FORB"
"322","H4","MACA_UTNE_BON",0.192037749258042,"LDMC","MACA","UTNE","BON","FORB"
"323","H1","MACA_UTSE_CSR",0.0833333333333333,"LDMC","MACA","UTSE","CSR","FORB"
"324","H2","MACA_UTSE_CSR",0.233484739819906,"LDMC","MACA","UTSE","CSR","FORB"
"325","H3","MACA_UTSE_CSR",0.145706843566504,"LDMC","MACA","UTSE","CSR","FORB"
"326","H4","MACA_UTSE_CSR",0.154920650815982,"LDMC","MACA","UTSE","CSR","FORB"
"327","H1","MACA_UTSW_BJ",0.08,"LDMC","MACA","UTSW","BJ","FORB"
"328","H2","MACA_UTSW_BJ",0.0913242793616979,"LDMC","MACA","UTSW","BJ","FORB"
"329","H3","MACA_UTSW_BJ",0.103490183000829,"LDMC","MACA","UTSW","BJ","FORB"
"330","H4","MACA_UTSW_BJ",0.14020147097149,"LDMC","MACA","UTSW","BJ","FORB"
"331","H1","MUPO_AZSE_BRR",0.229666666666667,"LDMC","MUPO","AZSE","BRR","GRASS"
"332","H2","MUPO_AZSE_BRR",0.11938080495356,"LDMC","MUPO","AZSE","BRR","GRASS"
"333","H3","MUPO_AZSE_BRR",0.155299162740418,"LDMC","MUPO","AZSE","BRR","GRASS"
"334","H4","MUPO_AZSE_BRR",0.178827065834754,"LDMC","MUPO","AZSE","BRR","GRASS"
"335","H1","MUPO_AZSE_MRR",0.218245192307692,"LDMC","MUPO","AZSE","MRR","GRASS"
"336","H2","MUPO_AZSE_MRR",0.135277777777778,"LDMC","MUPO","AZSE","MRR","GRASS"
"337","H3","MUPO_AZSE_MRR",0.200488671205738,"LDMC","MUPO","AZSE","MRR","GRASS"
"338","H4","MUPO_AZSE_MRR",0.132634336639662,"LDMC","MUPO","AZSE","MRR","GRASS"
"339","H1","MUPO_AZSE_SIT",0.156450757575758,"LDMC","MUPO","AZSE","SIT","GRASS"
"340","H2","MUPO_AZSE_SIT",0.129195781573499,"LDMC","MUPO","AZSE","SIT","GRASS"
"341","H3","MUPO_AZSE_SIT",0.139421470342523,"LDMC","MUPO","AZSE","SIT","GRASS"
"342","H4","MUPO_AZSE_SIT",0.187237545816485,"LDMC","MUPO","AZSE","SIT","GRASS"
"343","H1","PAMU_AZNC_WMR",NA,"LDMC","PAMU","AZNC","WMR","FORB"
"344","H2","PAMU_AZNC_WMR",0.16,"LDMC","PAMU","AZNC","WMR","FORB"
"345","H3","PAMU_AZNC_WMR",0.116114768614769,"LDMC","PAMU","AZNC","WMR","FORB"
"346","H4","PAMU_AZNC_WMR",0.134739943573502,"LDMC","PAMU","AZNC","WMR","FORB"
"347","H1","PAMU_UTC_WR",0.125,"LDMC","PAMU","UTC","WR","FORB"
"348","H2","PAMU_UTC_WR",0.125587560178268,"LDMC","PAMU","UTC","WR","FORB"
"349","H3","PAMU_UTC_WR",0.0832500832500832,"LDMC","PAMU","UTC","WR","FORB"
"350","H4","PAMU_UTC_WR",0.123917084681732,"LDMC","PAMU","UTC","WR","FORB"
"351","H1","PAMU_UTEC_MC",NA,"LDMC","PAMU","UTEC","MC","FORB"
"352","H2","PAMU_UTEC_MC",0.383051587301587,"LDMC","PAMU","UTEC","MC","FORB"
"353","H3","PAMU_UTEC_MC",0.0942718092453392,"LDMC","PAMU","UTEC","MC","FORB"
"354","H4","PAMU_UTEC_MC",0.140332391502281,"LDMC","PAMU","UTEC","MC","FORB"
"355","H1","PAMU_UTSE_MO",NA,"LDMC","PAMU","UTSE","MO","FORB"
"356","H2","PAMU_UTSE_MO",0.228066603535354,"LDMC","PAMU","UTSE","MO","FORB"
"357","H3","PAMU_UTSE_MO",0.121207691233298,"LDMC","PAMU","UTSE","MO","FORB"
"358","H4","PAMU_UTSE_MO",0.137547335043935,"LDMC","PAMU","UTSE","MO","FORB"
"359","H1","PAMU_UTSW_CP",NA,"LDMC","PAMU","UTSW","CP","FORB"
"360","H2","PAMU_UTSW_CP",0.0801339285714286,"LDMC","PAMU","UTSW","CP","FORB"
"361","H3","PAMU_UTSW_CP",0.0962453019056793,"LDMC","PAMU","UTSW","CP","FORB"
"362","H4","PAMU_UTSW_CP",0.133722960858671,"LDMC","PAMU","UTSW","CP","FORB"
"363","H1","PLPA_AZC_TC",0.075213152719557,"LDMC","PLPA","AZC","TC","FORB"
"364","H2","PLPA_AZC_TC",0.145954696915337,"LDMC","PLPA","AZC","TC","FORB"
"365","H3","PLPA_AZC_TC",0.110145411784595,"LDMC","PLPA","AZC","TC","FORB"
"366","H4","PLPA_AZC_TC",0.120013761326192,"LDMC","PLPA","AZC","TC","FORB"
"367","H1","PLPA_AZNE_HB",0.0711650377720368,"LDMC","PLPA","AZNE","HB","FORB"
"368","H2","PLPA_AZNE_HB",0.0869447169129503,"LDMC","PLPA","AZNE","HB","FORB"
"369","H3","PLPA_AZNE_HB",0.108541592599564,"LDMC","PLPA","AZNE","HB","FORB"
"370","H4","PLPA_AZNE_HB",0.150170648464164,"LDMC","PLPA","AZNE","HB","FORB"
"371","H1","PLPA_COSW_UP",0.0777307044766669,"LDMC","PLPA","COSW","UP","FORB"
"372","H2","PLPA_COSW_UP",0.0788792455730263,"LDMC","PLPA","COSW","UP","FORB"
"373","H3","PLPA_COSW_UP",0.115383492497687,"LDMC","PLPA","COSW","UP","FORB"
"374","H4","PLPA_COSW_UP",0.168663449130519,"LDMC","PLPA","COSW","UP","FORB"
"375","H1","PLPA_UTNE_BWR",0.07472634086171,"LDMC","PLPA","UTNE","BWR","FORB"
"376","H2","PLPA_UTNE_BWR",0.0753650514490533,"LDMC","PLPA","UTNE","BWR","FORB"
"377","H3","PLPA_UTNE_BWR",0.127703853187867,"LDMC","PLPA","UTNE","BWR","FORB"
"378","H4","PLPA_UTNE_BWR",0.141865432915861,"LDMC","PLPA","UTNE","BWR","FORB"
"379","H1","PLPA_UTSC_BTR",0.067878605660843,"LDMC","PLPA","UTSC","BTR","FORB"
"380","H2","PLPA_UTSC_BTR",0.0808896470830744,"LDMC","PLPA","UTSC","BTR","FORB"
"381","H3","PLPA_UTSC_BTR",0.112354005036932,"LDMC","PLPA","UTSC","BTR","FORB"
"382","H4","PLPA_UTSC_BTR",0.17285818925605,"LDMC","PLPA","UTSC","BTR","FORB"
"383","H1","PLPA_UTSW_HR",0.0684900250219788,"LDMC","PLPA","UTSW","HR","FORB"
"384","H2","PLPA_UTSW_HR",0.11818965012493,"LDMC","PLPA","UTSW","HR","FORB"
"385","H3","PLPA_UTSW_HR",0.118609853079342,"LDMC","PLPA","UTSW","HR","FORB"
"386","H4","PLPA_UTSW_HR",0.137315423976608,"LDMC","PLPA","UTSW","HR","FORB"
"387","H1","VUOC_AZSW_WB",0.126247835497835,"LDMC","VUOC","AZSW","WB","GRASS"
"388","H2","VUOC_AZSW_WB",0.137302565490713,"LDMC","VUOC","AZSW","WB","GRASS"
"389","H3","VUOC_AZSW_WB",0.13854409880152,"LDMC","VUOC","AZSW","WB","GRASS"
"390","H4","VUOC_AZSW_WB",0.191647817322932,"LDMC","VUOC","AZSW","WB","GRASS"
"391","H1","VUOC_UTC_GRC",0.168619444444444,"LDMC","VUOC","UTC","GRC","GRASS"
"392","H2","VUOC_UTC_GRC",0.116390242360071,"LDMC","VUOC","UTC","GRC","GRASS"
"393","H3","VUOC_UTC_GRC",0.16001254147668,"LDMC","VUOC","UTC","GRC","GRASS"
"394","H4","VUOC_UTC_GRC",0.231035206364044,"LDMC","VUOC","UTC","GRC","GRASS"
"395","H1","VUOC_UTSE_IM",0.169972609498345,"LDMC","VUOC","UTSE","IM","GRASS"
"396","H2","VUOC_UTSE_IM",0.108675275810294,"LDMC","VUOC","UTSE","IM","GRASS"
"397","H3","VUOC_UTSE_IM",0.129566800264133,"LDMC","VUOC","UTSE","IM","GRASS"
"398","H4","VUOC_UTSE_IM",0.186086086086086,"LDMC","VUOC","UTSE","IM","GRASS"
"399","H1","VUOC_UTSE_LM",0.136848214285714,"LDMC","VUOC","UTSE","LM","GRASS"
"400","H2","VUOC_UTSE_LM",0.127168665667166,"LDMC","VUOC","UTSE","LM","GRASS"
"401","H3","VUOC_UTSE_LM",0.152449969760477,"LDMC","VUOC","UTSE","LM","GRASS"
"402","H4","VUOC_UTSE_LM",0.149333094486367,"LDMC","VUOC","UTSE","LM","GRASS"
"403","H1","VUOC_UTSW_HR",0.25,"LDMC","VUOC","UTSW","HR","GRASS"
"404","H2","VUOC_UTSW_HR",0.130892338868567,"LDMC","VUOC","UTSW","HR","GRASS"
"405","H3","VUOC_UTSW_HR",0.151311092076552,"LDMC","VUOC","UTSW","HR","GRASS"
"406","H4","VUOC_UTSW_HR",0.189466986549091,"LDMC","VUOC","UTSW","HR","GRASS"
"407","H1","ACMI_NMNC_CM",0.17242616057904,"RMR","ACMI","NMNC","CM","FORB"
"408","H2","ACMI_NMNC_CM",0.365034064473247,"RMR","ACMI","NMNC","CM","FORB"
"409","H3","ACMI_NMNC_CM",0.204832499318002,"RMR","ACMI","NMNC","CM","FORB"
"410","H4","ACMI_NMNC_CM",0.295230263157895,"RMR","ACMI","NMNC","CM","FORB"
"411","H1","ACMI_UTNW_CCC",0.593610414043534,"RMR","ACMI","UTNW","CCC","FORB"
"412","H2","ACMI_UTNW_CCC",0.394936935766806,"RMR","ACMI","UTNW","CCC","FORB"
"413","H3","ACMI_UTNW_CCC",0.544572158365262,"RMR","ACMI","UTNW","CCC","FORB"
"414","H4","ACMI_UTNW_CCC",0.197977104118209,"RMR","ACMI","UTNW","CCC","FORB"
"415","H1","ACMI_UTNW_VE",0.393738378813006,"RMR","ACMI","UTNW","VE","FORB"
"416","H2","ACMI_UTNW_VE",0.0916483863750124,"RMR","ACMI","UTNW","VE","FORB"
"417","H3","ACMI_UTNW_VE",0.328978664226732,"RMR","ACMI","UTNW","VE","FORB"
"418","H4","ACMI_UTNW_VE",0.213979737397554,"RMR","ACMI","UTNW","VE","FORB"
"419","H1","ARTR_UTC_MC",0.337444739875127,"RMR","ARTR","UTC","MC","FORB"
"420","H2","ARTR_UTC_MC",0.247758331639911,"RMR","ARTR","UTC","MC","FORB"
"421","H3","ARTR_UTC_MC",0.350315297891099,"RMR","ARTR","UTC","MC","FORB"
"422","H4","ARTR_UTC_MC",0.253794755411398,"RMR","ARTR","UTC","MC","FORB"
"423","H1","ARTR_UTSC_B",0.378922484348841,"RMR","ARTR","UTSC","B","FORB"
"424","H2","ARTR_UTSC_B",0.393081918081918,"RMR","ARTR","UTSC","B","FORB"
"425","H3","ARTR_UTSC_B",0.282895308462402,"RMR","ARTR","UTSC","B","FORB"
"426","H4","ARTR_UTSC_B",0.254601105254112,"RMR","ARTR","UTSC","B","FORB"
"427","H1","ARTR_UTSE_MO",0.290530671462314,"RMR","ARTR","UTSE","MO","FORB"
"428","H2","ARTR_UTSE_MO",0.112771656092706,"RMR","ARTR","UTSE","MO","FORB"
"429","H3","ARTR_UTSE_MO",0.253749027612997,"RMR","ARTR","UTSE","MO","FORB"
"430","H4","ARTR_UTSE_MO",0.224638760985054,"RMR","ARTR","UTSE","MO","FORB"
"431","H1","ARTR_UTSW_BJ",0.178424843541123,"RMR","ARTR","UTSW","BJ","FORB"
"432","H2","ARTR_UTSW_BJ",0.235841827513916,"RMR","ARTR","UTSW","BJ","FORB"
"433","H3","ARTR_UTSW_BJ",0.268241802186084,"RMR","ARTR","UTSW","BJ","FORB"
"434","H4","ARTR_UTSW_BJ",0.219452378058661,"RMR","ARTR","UTSW","BJ","FORB"
"435","H1","ARTR_UTSW_MV",0.205702833751614,"RMR","ARTR","UTSW","MV","FORB"
"436","H2","ARTR_UTSW_MV",0.174720685540731,"RMR","ARTR","UTSW","MV","FORB"
"437","H3","ARTR_UTSW_MV",0.20076472419731,"RMR","ARTR","UTSW","MV","FORB"
"438","H4","ARTR_UTSW_MV",0.213483489623719,"RMR","ARTR","UTSW","MV","FORB"
"439","H1","ARTR_UTSW_OCR",0.201306542228408,"RMR","ARTR","UTSW","OCR","FORB"
"440","H2","ARTR_UTSW_OCR",0.298730271185106,"RMR","ARTR","UTSW","OCR","FORB"
"441","H3","ARTR_UTSW_OCR",0.182645678149897,"RMR","ARTR","UTSW","OCR","FORB"
"442","H4","ARTR_UTSW_OCR",0.210197350760081,"RMR","ARTR","UTSW","OCR","FORB"
"443","H1","ELTR_NMNW_C",0.351623376623377,"RMR","ELTR","NMNW","C","GRASS"
"444","H2","ELTR_NMNW_C",0.625459482038429,"RMR","ELTR","NMNW","C","GRASS"
"445","H3","ELTR_NMNW_C",0.321079546904119,"RMR","ELTR","NMNW","C","GRASS"
"446","H4","ELTR_NMNW_C",0.270569499640352,"RMR","ELTR","NMNW","C","GRASS"
"447","H1","ELTR_UTC_TMC",0.620699979973122,"RMR","ELTR","UTC","TMC","GRASS"
"448","H2","ELTR_UTC_TMC",0.530045351473923,"RMR","ELTR","UTC","TMC","GRASS"
"449","H3","ELTR_UTC_TMC",0.364995374653099,"RMR","ELTR","UTC","TMC","GRASS"
"450","H4","ELTR_UTC_TMC",0.281609027611894,"RMR","ELTR","UTC","TMC","GRASS"
"451","H1","ELTR_UTSW_DNF",0.483875921375921,"RMR","ELTR","UTSW","DNF","GRASS"
"452","H2","ELTR_UTSW_DNF",0.618089968880019,"RMR","ELTR","UTSW","DNF","GRASS"
"453","H3","ELTR_UTSW_DNF",0.281093365049698,"RMR","ELTR","UTSW","DNF","GRASS"
"454","H4","ELTR_UTSW_DNF",0.355635856290963,"RMR","ELTR","UTSW","DNF","GRASS"
"455","H1","ELTR_UTSW_SP",0.555989465313268,"RMR","ELTR","UTSW","SP","GRASS"
"456","H2","ELTR_UTSW_SP",0.410512394146241,"RMR","ELTR","UTSW","SP","GRASS"
"457","H3","ELTR_UTSW_SP",0.250994500994501,"RMR","ELTR","UTSW","SP","GRASS"
"458","H4","ELTR_UTSW_SP",0.250233628882634,"RMR","ELTR","UTSW","SP","GRASS"
"459","H1","HEAN_AZSE_HWD",0.21729627657747,"RMR","HEAN","AZSE","HWD","FORB"
"460","H2","HEAN_AZSE_HWD",0.23200886425436,"RMR","HEAN","AZSE","HWD","FORB"
"461","H3","HEAN_AZSE_HWD",0.198358050847458,"RMR","HEAN","AZSE","HWD","FORB"
"462","H4","HEAN_AZSE_HWD",0.236422813110384,"RMR","HEAN","AZSE","HWD","FORB"
"463","H1","HEAN_UTEC_CI",0.28381478221646,"RMR","HEAN","UTEC","CI","FORB"
"464","H2","HEAN_UTEC_CI",0.283843274046329,"RMR","HEAN","UTEC","CI","FORB"
"465","H3","HEAN_UTEC_CI",0.165242799559784,"RMR","HEAN","UTEC","CI","FORB"
"466","H4","HEAN_UTEC_CI",NA,"RMR","HEAN","UTEC","CI","FORB"
"467","H1","HEAN_UTEC_ONWR",0.232448991557223,"RMR","HEAN","UTEC","ONWR","FORB"
"468","H2","HEAN_UTEC_ONWR",0.28234071400509,"RMR","HEAN","UTEC","ONWR","FORB"
"469","H3","HEAN_UTEC_ONWR",0.208978295065069,"RMR","HEAN","UTEC","ONWR","FORB"
"470","H4","HEAN_UTEC_ONWR",0.16572245822213,"RMR","HEAN","UTEC","ONWR","FORB"
"471","H1","HEAN_UTSE_VNS",0.166666666666667,"RMR","HEAN","UTSE","VNS","FORB"
"472","H2","HEAN_UTSE_VNS",0.360905867829408,"RMR","HEAN","UTSE","VNS","FORB"
"473","H3","HEAN_UTSE_VNS",0.161147371471771,"RMR","HEAN","UTSE","VNS","FORB"
"474","H1","HECO_AZNC_KV",0.34256891162262,"RMR","HECO","AZNC","KV","GRASS"
"475","H2","HECO_AZNC_KV",0.378788956828377,"RMR","HECO","AZNC","KV","GRASS"
"476","H3","HECO_AZNC_KV",0.3340026508108,"RMR","HECO","AZNC","KV","GRASS"
"477","H4","HECO_AZNC_KV",0.263847918715175,"RMR","HECO","AZNC","KV","GRASS"
"478","H1","HECO_UTC_KRRS",0.542071227926491,"RMR","HECO","UTC","KRRS","GRASS"
"479","H2","HECO_UTC_KRRS",0.342213764268636,"RMR","HECO","UTC","KRRS","GRASS"
"480","H3","HECO_UTC_KRRS",0.350788175700263,"RMR","HECO","UTC","KRRS","GRASS"
"481","H4","HECO_UTC_KRRS",0.457285416602115,"RMR","HECO","UTC","KRRS","GRASS"
"482","H1","HECO_UTC_TMR",0.346812732185073,"RMR","HECO","UTC","TMR","GRASS"
"483","H2","HECO_UTC_TMR",0.376088963635948,"RMR","HECO","UTC","TMR","GRASS"
"484","H3","HECO_UTC_TMR",0.270869586025365,"RMR","HECO","UTC","TMR","GRASS"
"485","H4","HECO_UTC_TMR",0.24260712338561,"RMR","HECO","UTC","TMR","GRASS"
"486","H1","HECO_UTEC_GRC",0.357366508315875,"RMR","HECO","UTEC","GRC","GRASS"
"487","H2","HECO_UTEC_GRC",0.276774244310891,"RMR","HECO","UTEC","GRC","GRASS"
"488","H3","HECO_UTEC_GRC",0.273245915171339,"RMR","HECO","UTEC","GRC","GRASS"
"489","H4","HECO_UTEC_GRC",0.26873965375811,"RMR","HECO","UTEC","GRC","GRASS"
"490","H1","HECO_UTSW_SPR",0.326413777908343,"RMR","HECO","UTSW","SPR","GRASS"
"491","H2","HECO_UTSW_SPR",0.484155470850066,"RMR","HECO","UTSW","SPR","GRASS"
"492","H3","HECO_UTSW_SPR",0.319771451844943,"RMR","HECO","UTSW","SPR","GRASS"
"493","H4","HECO_UTSW_SPR",0.260203519896361,"RMR","HECO","UTSW","SPR","GRASS"
"494","H1","HEVI_AZNC_KV",0.343253569685213,"RMR","HEVI","AZNC","KV","FORB"
"495","H2","HEVI_AZNC_KV",0.496635559074309,"RMR","HEVI","AZNC","KV","FORB"
"496","H3","HEVI_AZNC_KV",0.225444096133751,"RMR","HEVI","AZNC","KV","FORB"
"497","H4","HEVI_AZNC_KV",0.191452618276605,"RMR","HEVI","AZNC","KV","FORB"
"498","H1","HEVI_COSW_DE",0.317551028999627,"RMR","HEVI","COSW","DE","FORB"
"499","H2","HEVI_COSW_DE",0.388221482446406,"RMR","HEVI","COSW","DE","FORB"
"500","H3","HEVI_COSW_DE",0.21177633164618,"RMR","HEVI","COSW","DE","FORB"
"501","H4","HEVI_COSW_DE",0.161129933598604,"RMR","HEVI","COSW","DE","FORB"
"502","H1","HEVI_NMNW_NC",0.165926876987038,"RMR","HEVI","NMNW","NC","FORB"
"503","H2","HEVI_NMNW_NC",0.384428104575163,"RMR","HEVI","NMNW","NC","FORB"
"504","H3","HEVI_NMNW_NC",0.369986824769433,"RMR","HEVI","NMNW","NC","FORB"
"505","H4","HEVI_NMNW_NC",0.152040891499753,"RMR","HEVI","NMNW","NC","FORB"
"506","H1","HEVI_NMNW_ND",0.308230188447619,"RMR","HEVI","NMNW","ND","FORB"
"507","H2","HEVI_NMNW_ND",0.349102377486657,"RMR","HEVI","NMNW","ND","FORB"
"508","H3","HEVI_NMNW_ND",0.364659090909091,"RMR","HEVI","NMNW","ND","FORB"
"509","H4","HEVI_NMNW_ND",0.189313543132038,"RMR","HEVI","NMNW","ND","FORB"
"510","H1","MACA_NMNW_CU",0.213082182709012,"RMR","MACA","NMNW","CU","FORB"
"511","H2","MACA_NMNW_CU",0.238564457314457,"RMR","MACA","NMNW","CU","FORB"
"512","H3","MACA_NMNW_CU",0.502212479194576,"RMR","MACA","NMNW","CU","FORB"
"513","H4","MACA_NMNW_CU",0.385843924123771,"RMR","MACA","NMNW","CU","FORB"
"514","H1","MACA_NMNW_FC",0.128066472658686,"RMR","MACA","NMNW","FC","FORB"
"515","H2","MACA_NMNW_FC",0.310751993104934,"RMR","MACA","NMNW","FC","FORB"
"516","H3","MACA_NMNW_FC",0.368166661023154,"RMR","MACA","NMNW","FC","FORB"
"517","H4","MACA_NMNW_FC",0.297551710279983,"RMR","MACA","NMNW","FC","FORB"
"518","H1","MACA_UTC_MK",0.384957106398791,"RMR","MACA","UTC","MK","FORB"
"519","H2","MACA_UTC_MK",0.298016784812882,"RMR","MACA","UTC","MK","FORB"
"520","H3","MACA_UTC_MK",0.20842328042328,"RMR","MACA","UTC","MK","FORB"
"521","H4","MACA_UTC_MK",0.401038096362751,"RMR","MACA","UTC","MK","FORB"
"522","H1","MACA_UTNE_BON",0.431603928336244,"RMR","MACA","UTNE","BON","FORB"
"523","H2","MACA_UTNE_BON",0.224289086402311,"RMR","MACA","UTNE","BON","FORB"
"524","H3","MACA_UTNE_BON",0.363144963144963,"RMR","MACA","UTNE","BON","FORB"
"525","H4","MACA_UTNE_BON",0.251376712348217,"RMR","MACA","UTNE","BON","FORB"
"526","H1","MACA_UTSE_CSR",0.210264263190519,"RMR","MACA","UTSE","CSR","FORB"
"527","H2","MACA_UTSE_CSR",0.310246801912392,"RMR","MACA","UTSE","CSR","FORB"
"528","H3","MACA_UTSE_CSR",0.248113588470969,"RMR","MACA","UTSE","CSR","FORB"
"529","H4","MACA_UTSE_CSR",0.283322568512114,"RMR","MACA","UTSE","CSR","FORB"
"530","H1","MACA_UTSW_BJ",0.284884593884117,"RMR","MACA","UTSW","BJ","FORB"
"531","H2","MACA_UTSW_BJ",0.238001233466592,"RMR","MACA","UTSW","BJ","FORB"
"532","H3","MACA_UTSW_BJ",0.331698277741443,"RMR","MACA","UTSW","BJ","FORB"
"533","H4","MACA_UTSW_BJ",0.194944341099817,"RMR","MACA","UTSW","BJ","FORB"
"534","H1","MUPO_AZSE_BRR",0.297949453500272,"RMR","MUPO","AZSE","BRR","GRASS"
"535","H2","MUPO_AZSE_BRR",0.405229837671942,"RMR","MUPO","AZSE","BRR","GRASS"
"536","H3","MUPO_AZSE_BRR",0.502270750115718,"RMR","MUPO","AZSE","BRR","GRASS"
"537","H4","MUPO_AZSE_BRR",0.331549624169569,"RMR","MUPO","AZSE","BRR","GRASS"
"538","H1","MUPO_AZSE_MRR",0.347983243698596,"RMR","MUPO","AZSE","MRR","GRASS"
"539","H2","MUPO_AZSE_MRR",0.313062353231986,"RMR","MUPO","AZSE","MRR","GRASS"
"540","H3","MUPO_AZSE_MRR",0.400520436659051,"RMR","MUPO","AZSE","MRR","GRASS"
"541","H4","MUPO_AZSE_MRR",0.388981637017094,"RMR","MUPO","AZSE","MRR","GRASS"
"542","H1","MUPO_AZSE_SIT",0.44748018062931,"RMR","MUPO","AZSE","SIT","GRASS"
"543","H2","MUPO_AZSE_SIT",0.216397822066703,"RMR","MUPO","AZSE","SIT","GRASS"
"544","H3","MUPO_AZSE_SIT",0.333614330874605,"RMR","MUPO","AZSE","SIT","GRASS"
"545","H4","MUPO_AZSE_SIT",0.338543416788759,"RMR","MUPO","AZSE","SIT","GRASS"
"546","H1","PAMU_AZNC_WMR",0.58992673992674,"RMR","PAMU","AZNC","WMR","FORB"
"547","H2","PAMU_AZNC_WMR",0.613302804610248,"RMR","PAMU","AZNC","WMR","FORB"
"548","H3","PAMU_AZNC_WMR",0.173560371517028,"RMR","PAMU","AZNC","WMR","FORB"
"549","H4","PAMU_AZNC_WMR",0.243579140808297,"RMR","PAMU","AZNC","WMR","FORB"
"550","H1","PAMU_UTC_WR",0.104752770673487,"RMR","PAMU","UTC","WR","FORB"
"551","H2","PAMU_UTC_WR",0.414682721441474,"RMR","PAMU","UTC","WR","FORB"
"552","H3","PAMU_UTC_WR",0.57034632034632,"RMR","PAMU","UTC","WR","FORB"
"553","H4","PAMU_UTC_WR",0.505849288937243,"RMR","PAMU","UTC","WR","FORB"
"554","H1","PAMU_UTEC_MC",0.286373626373626,"RMR","PAMU","UTEC","MC","FORB"
"555","H2","PAMU_UTEC_MC",0.227315629388912,"RMR","PAMU","UTEC","MC","FORB"
"556","H3","PAMU_UTEC_MC",0.363541666666667,"RMR","PAMU","UTEC","MC","FORB"
"557","H4","PAMU_UTEC_MC",0.277266474090855,"RMR","PAMU","UTEC","MC","FORB"
"558","H1","PAMU_UTSE_MO",0.439338235294118,"RMR","PAMU","UTSE","MO","FORB"
"559","H2","PAMU_UTSE_MO",0.483730243466996,"RMR","PAMU","UTSE","MO","FORB"
"560","H3","PAMU_UTSE_MO",0.058390022675737,"RMR","PAMU","UTSE","MO","FORB"
"561","H4","PAMU_UTSE_MO",0.240997641157597,"RMR","PAMU","UTSE","MO","FORB"
"562","H1","PAMU_UTSW_CP",0.259507931844888,"RMR","PAMU","UTSW","CP","FORB"
"563","H2","PAMU_UTSW_CP",0.291640322988547,"RMR","PAMU","UTSW","CP","FORB"
"564","H3","PAMU_UTSW_CP",0.369121595703874,"RMR","PAMU","UTSW","CP","FORB"
"565","H4","PAMU_UTSW_CP",0.227824291668224,"RMR","PAMU","UTSW","CP","FORB"
"566","H1","PLPA_AZC_TC",0.422161172161172,"RMR","PLPA","AZC","TC","FORB"
"567","H2","PLPA_AZC_TC",0.177722669027017,"RMR","PLPA","AZC","TC","FORB"
"568","H3","PLPA_AZC_TC",0.198269674754698,"RMR","PLPA","AZC","TC","FORB"
"569","H4","PLPA_AZC_TC",0.204390363200951,"RMR","PLPA","AZC","TC","FORB"
"570","H1","PLPA_AZNE_HB",0.581693306693307,"RMR","PLPA","AZNE","HB","FORB"
"571","H2","PLPA_AZNE_HB",0.0930562968234201,"RMR","PLPA","AZNE","HB","FORB"
"572","H3","PLPA_AZNE_HB",0.101382028806183,"RMR","PLPA","AZNE","HB","FORB"
"573","H4","PLPA_AZNE_HB",0.158776595744681,"RMR","PLPA","AZNE","HB","FORB"
"574","H1","PLPA_COSW_UP",0.356504922644163,"RMR","PLPA","COSW","UP","FORB"
"575","H2","PLPA_COSW_UP",0.0777948463932523,"RMR","PLPA","COSW","UP","FORB"
"576","H3","PLPA_COSW_UP",0.119140474315481,"RMR","PLPA","COSW","UP","FORB"
"577","H4","PLPA_COSW_UP",0.143411966449278,"RMR","PLPA","COSW","UP","FORB"
"578","H1","PLPA_UTNE_BWR",0.304662032598274,"RMR","PLPA","UTNE","BWR","FORB"
"579","H2","PLPA_UTNE_BWR",0.102804769364255,"RMR","PLPA","UTNE","BWR","FORB"
"580","H3","PLPA_UTNE_BWR",0.180760888725389,"RMR","PLPA","UTNE","BWR","FORB"
"581","H4","PLPA_UTNE_BWR",0.167185333599634,"RMR","PLPA","UTNE","BWR","FORB"
"582","H1","PLPA_UTSC_BTR",0.34410328800772,"RMR","PLPA","UTSC","BTR","FORB"
"583","H2","PLPA_UTSC_BTR",0.118847399224875,"RMR","PLPA","UTSC","BTR","FORB"
"584","H3","PLPA_UTSC_BTR",0.169676358580242,"RMR","PLPA","UTSC","BTR","FORB"
"585","H4","PLPA_UTSC_BTR",0.148637739656912,"RMR","PLPA","UTSC","BTR","FORB"
"586","H1","PLPA_UTSW_HR",0.398373186069763,"RMR","PLPA","UTSW","HR","FORB"
"587","H2","PLPA_UTSW_HR",0.264448660592998,"RMR","PLPA","UTSW","HR","FORB"
"588","H3","PLPA_UTSW_HR",0.109126984126984,"RMR","PLPA","UTSW","HR","FORB"
"589","H4","PLPA_UTSW_HR",0.105931313248386,"RMR","PLPA","UTSW","HR","FORB"
"590","H1","VUOC_AZSW_WB",0.570317413211318,"RMR","VUOC","AZSW","WB","GRASS"
"591","H2","VUOC_AZSW_WB",0.237150142314991,"RMR","VUOC","AZSW","WB","GRASS"
"592","H3","VUOC_AZSW_WB",0.255826688400254,"RMR","VUOC","AZSW","WB","GRASS"
"593","H4","VUOC_AZSW_WB",0.204683917058133,"RMR","VUOC","AZSW","WB","GRASS"
"594","H1","VUOC_UTC_GRC",0.459971120674153,"RMR","VUOC","UTC","GRC","GRASS"
"595","H2","VUOC_UTC_GRC",0.417290079224908,"RMR","VUOC","UTC","GRC","GRASS"
"596","H3","VUOC_UTC_GRC",0.391748366013072,"RMR","VUOC","UTC","GRC","GRASS"
"597","H4","VUOC_UTC_GRC",0.312473390648342,"RMR","VUOC","UTC","GRC","GRASS"
"598","H1","VUOC_UTSE_IM",0.50699576061751,"RMR","VUOC","UTSE","IM","GRASS"
"599","H2","VUOC_UTSE_IM",0.336332864604259,"RMR","VUOC","UTSE","IM","GRASS"
"600","H3","VUOC_UTSE_IM",0.293003121205019,"RMR","VUOC","UTSE","IM","GRASS"
"601","H4","VUOC_UTSE_IM",0.22775433451445,"RMR","VUOC","UTSE","IM","GRASS"
"602","H1","VUOC_UTSE_LM",0.586113233861633,"RMR","VUOC","UTSE","LM","GRASS"
"603","H2","VUOC_UTSE_LM",0.365848347057828,"RMR","VUOC","UTSE","LM","GRASS"
"604","H3","VUOC_UTSE_LM",0.222964493560865,"RMR","VUOC","UTSE","LM","GRASS"
"605","H4","VUOC_UTSE_LM",0.11987725937955,"RMR","VUOC","UTSE","LM","GRASS"
"606","H1","VUOC_UTSW_HR",0.574419920769666,"RMR","VUOC","UTSW","HR","GRASS"
"607","H2","VUOC_UTSW_HR",0.290246212121212,"RMR","VUOC","UTSW","HR","GRASS"
"608","H3","VUOC_UTSW_HR",0.167331206804891,"RMR","VUOC","UTSW","HR","GRASS"
"609","H4","VUOC_UTSW_HR",0.248216319460819,"RMR","VUOC","UTSW","HR","GRASS"
"610","H1","ACMI_NMNC_CM",27.4641131614823,"SRL","ACMI","NMNC","CM","FORB"
"611","H2","ACMI_NMNC_CM",72.741112012987,"SRL","ACMI","NMNC","CM","FORB"
"612","H3","ACMI_NMNC_CM",82.7618240054519,"SRL","ACMI","NMNC","CM","FORB"
"613","H4","ACMI_NMNC_CM",14.4733802228412,"SRL","ACMI","NMNC","CM","FORB"
"614","H1","ACMI_UTNW_CCC",32.9895123839009,"SRL","ACMI","UTNW","CCC","FORB"
"615","H2","ACMI_UTNW_CCC",63.7779910213243,"SRL","ACMI","UTNW","CCC","FORB"
"616","H3","ACMI_UTNW_CCC",40.2641690600522,"SRL","ACMI","UTNW","CCC","FORB"
"617","H4","ACMI_UTNW_CCC",13.2369137159239,"SRL","ACMI","UTNW","CCC","FORB"
"618","H1","ACMI_UTNW_VE",22.9658581560284,"SRL","ACMI","UTNW","VE","FORB"
"619","H2","ACMI_UTNW_VE",71.751774256651,"SRL","ACMI","UTNW","VE","FORB"
"620","H3","ACMI_UTNW_VE",64.4777135714286,"SRL","ACMI","UTNW","VE","FORB"
"621","H4","ACMI_UTNW_VE",14.8368634268347,"SRL","ACMI","UTNW","VE","FORB"
"622","H1","ARTR_UTC_MC",43.9804456952262,"SRL","ARTR","UTC","MC","FORB"
"623","H2","ARTR_UTC_MC",72.973285326087,"SRL","ARTR","UTC","MC","FORB"
"624","H3","ARTR_UTC_MC",19.8317672829132,"SRL","ARTR","UTC","MC","FORB"
"625","H4","ARTR_UTC_MC",17.2745170378213,"SRL","ARTR","UTC","MC","FORB"
"626","H1","ARTR_UTSC_B",26.8294361111111,"SRL","ARTR","UTSC","B","FORB"
"627","H2","ARTR_UTSC_B",34.8562289893185,"SRL","ARTR","UTSC","B","FORB"
"628","H3","ARTR_UTSC_B",14.2964919484702,"SRL","ARTR","UTSC","B","FORB"
"629","H4","ARTR_UTSC_B",13.1418869157106,"SRL","ARTR","UTSC","B","FORB"
"630","H1","ARTR_UTSE_MO",23.5545156395892,"SRL","ARTR","UTSE","MO","FORB"
"631","H2","ARTR_UTSE_MO",44.7916327781879,"SRL","ARTR","UTSE","MO","FORB"
"632","H3","ARTR_UTSE_MO",21.9360509335963,"SRL","ARTR","UTSE","MO","FORB"
"633","H4","ARTR_UTSE_MO",13.7131731606707,"SRL","ARTR","UTSE","MO","FORB"
"634","H1","ARTR_UTSW_BJ",47.2316300342093,"SRL","ARTR","UTSW","BJ","FORB"
"635","H2","ARTR_UTSW_BJ",24.8027019230769,"SRL","ARTR","UTSW","BJ","FORB"
"636","H3","ARTR_UTSW_BJ",18.5263012592806,"SRL","ARTR","UTSW","BJ","FORB"
"637","H4","ARTR_UTSW_BJ",15.5290805526116,"SRL","ARTR","UTSW","BJ","FORB"
"638","H1","ARTR_UTSW_MV",24.541346294268,"SRL","ARTR","UTSW","MV","FORB"
"639","H2","ARTR_UTSW_MV",74.5466086142322,"SRL","ARTR","UTSW","MV","FORB"
"640","H3","ARTR_UTSW_MV",25.0378796296296,"SRL","ARTR","UTSW","MV","FORB"
"641","H4","ARTR_UTSW_MV",11.6091768981947,"SRL","ARTR","UTSW","MV","FORB"
"642","H1","ARTR_UTSW_OCR",24.212437614653,"SRL","ARTR","UTSW","OCR","FORB"
"643","H2","ARTR_UTSW_OCR",53.2640648148148,"SRL","ARTR","UTSW","OCR","FORB"
"644","H3","ARTR_UTSW_OCR",19.9162883089133,"SRL","ARTR","UTSW","OCR","FORB"
"645","H4","ARTR_UTSW_OCR",12.6024831903793,"SRL","ARTR","UTSW","OCR","FORB"
"646","H1","ELTR_NMNW_C",27.1832133741259,"SRL","ELTR","NMNW","C","GRASS"
"647","H2","ELTR_NMNW_C",25.2193981066534,"SRL","ELTR","NMNW","C","GRASS"
"648","H3","ELTR_NMNW_C",23.2181258776588,"SRL","ELTR","NMNW","C","GRASS"
"649","H4","ELTR_NMNW_C",12.0771632459997,"SRL","ELTR","NMNW","C","GRASS"
"650","H1","ELTR_UTC_TMC",31.3942400853318,"SRL","ELTR","UTC","TMC","GRASS"
"651","H2","ELTR_UTC_TMC",40.2859798201798,"SRL","ELTR","UTC","TMC","GRASS"
"652","H3","ELTR_UTC_TMC",40.3192361111111,"SRL","ELTR","UTC","TMC","GRASS"
"653","H4","ELTR_UTC_TMC",13.0274812153997,"SRL","ELTR","UTC","TMC","GRASS"
"654","H1","ELTR_UTSW_DNF",25.0043590953394,"SRL","ELTR","UTSW","DNF","GRASS"
"655","H2","ELTR_UTSW_DNF",32.7706116347757,"SRL","ELTR","UTSW","DNF","GRASS"
"656","H3","ELTR_UTSW_DNF",22.6188164502164,"SRL","ELTR","UTSW","DNF","GRASS"
"657","H4","ELTR_UTSW_DNF",11.9986753911355,"SRL","ELTR","UTSW","DNF","GRASS"
"658","H1","ELTR_UTSW_SP",57.5746003716334,"SRL","ELTR","UTSW","SP","GRASS"
"659","H2","ELTR_UTSW_SP",69.7369324232546,"SRL","ELTR","UTSW","SP","GRASS"
"660","H3","ELTR_UTSW_SP",64.3356367521368,"SRL","ELTR","UTSW","SP","GRASS"
"661","H4","ELTR_UTSW_SP",18.1481408294542,"SRL","ELTR","UTSW","SP","GRASS"
"662","H1","HEAN_AZSE_HWD",13.5190242484189,"SRL","HEAN","AZSE","HWD","FORB"
"663","H2","HEAN_AZSE_HWD",20.1181020244605,"SRL","HEAN","AZSE","HWD","FORB"
"664","H3","HEAN_AZSE_HWD",16.8192142857143,"SRL","HEAN","AZSE","HWD","FORB"
"665","H4","HEAN_AZSE_HWD",14.8144054821559,"SRL","HEAN","AZSE","HWD","FORB"
"666","H1","HEAN_UTEC_CI",11.1326979166667,"SRL","HEAN","UTEC","CI","FORB"
"667","H2","HEAN_UTEC_CI",26.8777389643463,"SRL","HEAN","UTEC","CI","FORB"
"668","H3","HEAN_UTEC_CI",35.333298734942,"SRL","HEAN","UTEC","CI","FORB"
"669","H4","HEAN_UTEC_CI",NA,"SRL","HEAN","UTEC","CI","FORB"
"670","H1","HEAN_UTEC_ONWR",22.2497125,"SRL","HEAN","UTEC","ONWR","FORB"
"671","H2","HEAN_UTEC_ONWR",26.4022621081263,"SRL","HEAN","UTEC","ONWR","FORB"
"672","H3","HEAN_UTEC_ONWR",25.2904419040248,"SRL","HEAN","UTEC","ONWR","FORB"
"673","H4","HEAN_UTEC_ONWR",15.6989613560894,"SRL","HEAN","UTEC","ONWR","FORB"
"674","H1","HEAN_UTSE_VNS",21.9296666666667,"SRL","HEAN","UTSE","VNS","FORB"
"675","H2","HEAN_UTSE_VNS",20.335329718235,"SRL","HEAN","UTSE","VNS","FORB"
"676","H3","HEAN_UTSE_VNS",24.6649733841134,"SRL","HEAN","UTSE","VNS","FORB"
"677","H1","HECO_AZNC_KV",7.79575681318681,"SRL","HECO","AZNC","KV","GRASS"
"678","H2","HECO_AZNC_KV",15.5076785170437,"SRL","HECO","AZNC","KV","GRASS"
"679","H3","HECO_AZNC_KV",38.62093667392,"SRL","HECO","AZNC","KV","GRASS"
"680","H4","HECO_AZNC_KV",11.7930857142857,"SRL","HECO","AZNC","KV","GRASS"
"681","H1","HECO_UTC_KRRS",10.3677291155844,"SRL","HECO","UTC","KRRS","GRASS"
"682","H2","HECO_UTC_KRRS",20.8468798473085,"SRL","HECO","UTC","KRRS","GRASS"
"683","H3","HECO_UTC_KRRS",14.9366899554955,"SRL","HECO","UTC","KRRS","GRASS"
"684","H4","HECO_UTC_KRRS",11.7102476276134,"SRL","HECO","UTC","KRRS","GRASS"
"685","H1","HECO_UTC_TMR",20.4083829032809,"SRL","HECO","UTC","TMR","GRASS"
"686","H2","HECO_UTC_TMR",16.77537969437,"SRL","HECO","UTC","TMR","GRASS"
"687","H3","HECO_UTC_TMR",21.1399895162565,"SRL","HECO","UTC","TMR","GRASS"
"688","H4","HECO_UTC_TMR",15.2374864891866,"SRL","HECO","UTC","TMR","GRASS"
"689","H1","HECO_UTEC_GRC",15.8309500257998,"SRL","HECO","UTEC","GRC","GRASS"
"690","H2","HECO_UTEC_GRC",21.3603190559441,"SRL","HECO","UTEC","GRC","GRASS"
"691","H3","HECO_UTEC_GRC",15.7081784719998,"SRL","HECO","UTEC","GRC","GRASS"
"692","H4","HECO_UTEC_GRC",16.675655237016,"SRL","HECO","UTEC","GRC","GRASS"
"693","H1","HECO_UTSW_SPR",11.0700554070113,"SRL","HECO","UTSW","SPR","GRASS"
"694","H2","HECO_UTSW_SPR",19.5232068484369,"SRL","HECO","UTSW","SPR","GRASS"
"695","H3","HECO_UTSW_SPR",13.6317072526386,"SRL","HECO","UTSW","SPR","GRASS"
"696","H4","HECO_UTSW_SPR",13.1532193893116,"SRL","HECO","UTSW","SPR","GRASS"
"697","H1","HEVI_AZNC_KV",22.4910830215391,"SRL","HEVI","AZNC","KV","FORB"
"698","H2","HEVI_AZNC_KV",18.2759839673329,"SRL","HEVI","AZNC","KV","FORB"
"699","H3","HEVI_AZNC_KV",40.2219196428571,"SRL","HEVI","AZNC","KV","FORB"
"700","H4","HEVI_AZNC_KV",23.0713359609804,"SRL","HEVI","AZNC","KV","FORB"
"701","H1","HEVI_COSW_DE",34.0908384122519,"SRL","HEVI","COSW","DE","FORB"
"702","H2","HEVI_COSW_DE",36.769841994382,"SRL","HEVI","COSW","DE","FORB"
"703","H3","HEVI_COSW_DE",35.4652773189176,"SRL","HEVI","COSW","DE","FORB"
"704","H4","HEVI_COSW_DE",17.5025321006833,"SRL","HEVI","COSW","DE","FORB"
"705","H1","HEVI_NMNW_NC",43.0893542976939,"SRL","HEVI","NMNW","NC","FORB"
"706","H2","HEVI_NMNW_NC",31.935157751938,"SRL","HEVI","NMNW","NC","FORB"
"707","H3","HEVI_NMNW_NC",28.3469914285714,"SRL","HEVI","NMNW","NC","FORB"
"708","H4","HEVI_NMNW_NC",25.0343945352974,"SRL","HEVI","NMNW","NC","FORB"
"709","H1","HEVI_NMNW_ND",30.7994058974425,"SRL","HEVI","NMNW","ND","FORB"
"710","H2","HEVI_NMNW_ND",39.5806857220161,"SRL","HEVI","NMNW","ND","FORB"
"711","H3","HEVI_NMNW_ND",26.5346555383023,"SRL","HEVI","NMNW","ND","FORB"
"712","H4","HEVI_NMNW_ND",15.1549896627502,"SRL","HEVI","NMNW","ND","FORB"
"713","H1","MACA_NMNW_CU",36.7873044953354,"SRL","MACA","NMNW","CU","FORB"
"714","H2","MACA_NMNW_CU",64.0470677083333,"SRL","MACA","NMNW","CU","FORB"
"715","H3","MACA_NMNW_CU",32.9975253872054,"SRL","MACA","NMNW","CU","FORB"
"716","H4","MACA_NMNW_CU",10.4627569574301,"SRL","MACA","NMNW","CU","FORB"
"717","H1","MACA_NMNW_FC",50.4201691058302,"SRL","MACA","NMNW","FC","FORB"
"718","H2","MACA_NMNW_FC",31.720576449014,"SRL","MACA","NMNW","FC","FORB"
"719","H3","MACA_NMNW_FC",23.0001059556423,"SRL","MACA","NMNW","FC","FORB"
"720","H4","MACA_NMNW_FC",15.6815132405328,"SRL","MACA","NMNW","FC","FORB"
"721","H1","MACA_UTC_MK",18.0130660648625,"SRL","MACA","UTC","MK","FORB"
"722","H2","MACA_UTC_MK",50.9579143412537,"SRL","MACA","UTC","MK","FORB"
"723","H3","MACA_UTC_MK",11.0889707792208,"SRL","MACA","UTC","MK","FORB"
"724","H4","MACA_UTC_MK",18.9450136332865,"SRL","MACA","UTC","MK","FORB"
"725","H1","MACA_UTNE_BON",16.3394610705596,"SRL","MACA","UTNE","BON","FORB"
"726","H2","MACA_UTNE_BON",49.0767784367397,"SRL","MACA","UTNE","BON","FORB"
"727","H3","MACA_UTNE_BON",18.925462962963,"SRL","MACA","UTNE","BON","FORB"
"728","H4","MACA_UTNE_BON",13.1557951455079,"SRL","MACA","UTNE","BON","FORB"
"729","H1","MACA_UTSE_CSR",43.768175484207,"SRL","MACA","UTSE","CSR","FORB"
"730","H2","MACA_UTSE_CSR",32.1466777777778,"SRL","MACA","UTSE","CSR","FORB"
"731","H3","MACA_UTSE_CSR",31.3583144027269,"SRL","MACA","UTSE","CSR","FORB"
"732","H4","MACA_UTSE_CSR",17.5571025740479,"SRL","MACA","UTSE","CSR","FORB"
"733","H1","MACA_UTSW_BJ",19.3599991749175,"SRL","MACA","UTSW","BJ","FORB"
"734","H2","MACA_UTSW_BJ",27.9779423076923,"SRL","MACA","UTSW","BJ","FORB"
"735","H3","MACA_UTSW_BJ",23.7878280833333,"SRL","MACA","UTSW","BJ","FORB"
"736","H4","MACA_UTSW_BJ",18.3205120894995,"SRL","MACA","UTSW","BJ","FORB"
"737","H1","MUPO_AZSE_BRR",19.1903549861974,"SRL","MUPO","AZSE","BRR","GRASS"
"738","H2","MUPO_AZSE_BRR",28.6815728805729,"SRL","MUPO","AZSE","BRR","GRASS"
"739","H3","MUPO_AZSE_BRR",9.46617498592031,"SRL","MUPO","AZSE","BRR","GRASS"
"740","H4","MUPO_AZSE_BRR",7.11342066307662,"SRL","MUPO","AZSE","BRR","GRASS"
"741","H1","MUPO_AZSE_MRR",35.2111561113224,"SRL","MUPO","AZSE","MRR","GRASS"
"742","H2","MUPO_AZSE_MRR",54.2822411585366,"SRL","MUPO","AZSE","MRR","GRASS"
"743","H3","MUPO_AZSE_MRR",24.8763495798319,"SRL","MUPO","AZSE","MRR","GRASS"
"744","H4","MUPO_AZSE_MRR",7.78986474687772,"SRL","MUPO","AZSE","MRR","GRASS"
"745","H1","MUPO_AZSE_SIT",19.8408183886054,"SRL","MUPO","AZSE","SIT","GRASS"
"746","H2","MUPO_AZSE_SIT",105.579279155515,"SRL","MUPO","AZSE","SIT","GRASS"
"747","H3","MUPO_AZSE_SIT",32.9593666666667,"SRL","MUPO","AZSE","SIT","GRASS"
"748","H4","MUPO_AZSE_SIT",12.529810589891,"SRL","MUPO","AZSE","SIT","GRASS"
"749","H1","PAMU_AZNC_WMR",62.7448375,"SRL","PAMU","AZNC","WMR","FORB"
"750","H2","PAMU_AZNC_WMR",79.1528507034701,"SRL","PAMU","AZNC","WMR","FORB"
"751","H3","PAMU_AZNC_WMR",39.357996031746,"SRL","PAMU","AZNC","WMR","FORB"
"752","H4","PAMU_AZNC_WMR",14.6833997533421,"SRL","PAMU","AZNC","WMR","FORB"
"753","H1","PAMU_UTC_WR",111.881555555556,"SRL","PAMU","UTC","WR","FORB"
"754","H2","PAMU_UTC_WR",48.390928998269,"SRL","PAMU","UTC","WR","FORB"
"755","H3","PAMU_UTC_WR",29.83098,"SRL","PAMU","UTC","WR","FORB"
"756","H4","PAMU_UTC_WR",21.9204945659624,"SRL","PAMU","UTC","WR","FORB"
"757","H1","PAMU_UTEC_MC",9.3536125,"SRL","PAMU","UTEC","MC","FORB"
"758","H2","PAMU_UTEC_MC",44.2758617963188,"SRL","PAMU","UTEC","MC","FORB"
"759","H3","PAMU_UTEC_MC",42.8361810897436,"SRL","PAMU","UTEC","MC","FORB"
"760","H4","PAMU_UTEC_MC",14.1446275036022,"SRL","PAMU","UTEC","MC","FORB"
"761","H1","PAMU_UTSE_MO",5.60497380952381,"SRL","PAMU","UTSE","MO","FORB"
"762","H2","PAMU_UTSE_MO",36.3847196264985,"SRL","PAMU","UTSE","MO","FORB"
"763","H3","PAMU_UTSE_MO",45.46568,"SRL","PAMU","UTSE","MO","FORB"
"764","H4","PAMU_UTSE_MO",16.1371357010857,"SRL","PAMU","UTSE","MO","FORB"
"765","H1","PAMU_UTSW_CP",37.5799795918367,"SRL","PAMU","UTSW","CP","FORB"
"766","H2","PAMU_UTSW_CP",37.6123731231231,"SRL","PAMU","UTSW","CP","FORB"
"767","H3","PAMU_UTSW_CP",45.3946019047619,"SRL","PAMU","UTSW","CP","FORB"
"768","H4","PAMU_UTSW_CP",14.2391337349151,"SRL","PAMU","UTSW","CP","FORB"
"769","H1","PLPA_AZC_TC",35.2639791666667,"SRL","PLPA","AZC","TC","FORB"
"770","H2","PLPA_AZC_TC",92.5987051282051,"SRL","PLPA","AZC","TC","FORB"
"771","H3","PLPA_AZC_TC",25.5003723482535,"SRL","PLPA","AZC","TC","FORB"
"772","H4","PLPA_AZC_TC",32.6676072013504,"SRL","PLPA","AZC","TC","FORB"
"773","H1","PLPA_AZNE_HB",11.809248015873,"SRL","PLPA","AZNE","HB","FORB"
"774","H2","PLPA_AZNE_HB",40.333253968254,"SRL","PLPA","AZNE","HB","FORB"
"775","H3","PLPA_AZNE_HB",41.0211182062561,"SRL","PLPA","AZNE","HB","FORB"
"776","H4","PLPA_AZNE_HB",37.9137370184255,"SRL","PLPA","AZNE","HB","FORB"
"777","H1","PLPA_COSW_UP",40.26565625,"SRL","PLPA","COSW","UP","FORB"
"778","H2","PLPA_COSW_UP",39.9948988095238,"SRL","PLPA","COSW","UP","FORB"
"779","H3","PLPA_COSW_UP",32.4306214035243,"SRL","PLPA","COSW","UP","FORB"
"780","H4","PLPA_COSW_UP",34.9607465729986,"SRL","PLPA","COSW","UP","FORB"
"781","H1","PLPA_UTNE_BWR",49.7804956521739,"SRL","PLPA","UTNE","BWR","FORB"
"782","H2","PLPA_UTNE_BWR",38.5072375655771,"SRL","PLPA","UTNE","BWR","FORB"
"783","H3","PLPA_UTNE_BWR",43.7437893844549,"SRL","PLPA","UTNE","BWR","FORB"
"784","H4","PLPA_UTNE_BWR",42.9163497219776,"SRL","PLPA","UTNE","BWR","FORB"
"785","H1","PLPA_UTSC_BTR",48.2088294455647,"SRL","PLPA","UTSC","BTR","FORB"
"786","H2","PLPA_UTSC_BTR",50.0241303227579,"SRL","PLPA","UTSC","BTR","FORB"
"787","H3","PLPA_UTSC_BTR",50.0900759718956,"SRL","PLPA","UTSC","BTR","FORB"
"788","H4","PLPA_UTSC_BTR",51.8494154786151,"SRL","PLPA","UTSC","BTR","FORB"
"789","H1","PLPA_UTSW_HR",48.038710755814,"SRL","PLPA","UTSW","HR","FORB"
"790","H2","PLPA_UTSW_HR",36.2749147655962,"SRL","PLPA","UTSW","HR","FORB"
"791","H3","PLPA_UTSW_HR",79.4269444444444,"SRL","PLPA","UTSW","HR","FORB"
"792","H4","PLPA_UTSW_HR",49.5526540247678,"SRL","PLPA","UTSW","HR","FORB"
"793","H1","VUOC_AZSW_WB",78.0879628250703,"SRL","VUOC","AZSW","WB","GRASS"
"794","H2","VUOC_AZSW_WB",53.7030114087302,"SRL","VUOC","AZSW","WB","GRASS"
"795","H3","VUOC_AZSW_WB",52.5735540087856,"SRL","VUOC","AZSW","WB","GRASS"
"796","H4","VUOC_AZSW_WB",43.8250490099033,"SRL","VUOC","AZSW","WB","GRASS"
"797","H1","VUOC_UTC_GRC",78.0554808689701,"SRL","VUOC","UTC","GRC","GRASS"
"798","H2","VUOC_UTC_GRC",93.871502016129,"SRL","VUOC","UTC","GRC","GRASS"
"799","H3","VUOC_UTC_GRC",84.5013516176806,"SRL","VUOC","UTC","GRC","GRASS"
"800","H4","VUOC_UTC_GRC",112.184955561874,"SRL","VUOC","UTC","GRC","GRASS"
"801","H1","VUOC_UTSE_IM",58.1561889022123,"SRL","VUOC","UTSE","IM","GRASS"
"802","H2","VUOC_UTSE_IM",79.9257770550528,"SRL","VUOC","UTSE","IM","GRASS"
"803","H3","VUOC_UTSE_IM",54.6002782225237,"SRL","VUOC","UTSE","IM","GRASS"
"804","H4","VUOC_UTSE_IM",43.3880180351774,"SRL","VUOC","UTSE","IM","GRASS"
"805","H1","VUOC_UTSE_LM",66.732705615378,"SRL","VUOC","UTSE","LM","GRASS"
"806","H2","VUOC_UTSE_LM",45.2662016502566,"SRL","VUOC","UTSE","LM","GRASS"
"807","H3","VUOC_UTSE_LM",67.4180337785076,"SRL","VUOC","UTSE","LM","GRASS"
"808","H4","VUOC_UTSE_LM",56.9109338924423,"SRL","VUOC","UTSE","LM","GRASS"
"809","H1","VUOC_UTSW_HR",76.863221841052,"SRL","VUOC","UTSW","HR","GRASS"
"810","H2","VUOC_UTSW_HR",61.0046833333333,"SRL","VUOC","UTSW","HR","GRASS"
"811","H3","VUOC_UTSW_HR",50.0446619047619,"SRL","VUOC","UTSW","HR","GRASS"
"812","H4","VUOC_UTSW_HR",53.344319563787,"SRL","VUOC","UTSW","HR","GRASS"
"813","H1","ACMI_NMNC_CM",0.392657004830918,"RDMC","ACMI","NMNC","CM","FORB"
"814","H2","ACMI_NMNC_CM",0.0771553954175905,"RDMC","ACMI","NMNC","CM","FORB"
"815","H3","ACMI_NMNC_CM",0.0768257575757576,"RDMC","ACMI","NMNC","CM","FORB"
"816","H4","ACMI_NMNC_CM",0.0772043010752688,"RDMC","ACMI","NMNC","CM","FORB"
"817","H1","ACMI_UTNW_CCC",0.0699166666666667,"RDMC","ACMI","UTNW","CCC","FORB"
"818","H2","ACMI_UTNW_CCC",0.0758703703703704,"RDMC","ACMI","UTNW","CCC","FORB"
"819","H3","ACMI_UTNW_CCC",0.0894585020242915,"RDMC","ACMI","UTNW","CCC","FORB"
"820","H4","ACMI_UTNW_CCC",0.0736077767665526,"RDMC","ACMI","UTNW","CCC","FORB"
"821","H1","ACMI_UTNW_VE",0.144615384615385,"RDMC","ACMI","UTNW","VE","FORB"
"822","H2","ACMI_UTNW_VE",0.126984126984127,"RDMC","ACMI","UTNW","VE","FORB"
"823","H3","ACMI_UTNW_VE",0.0773410142068197,"RDMC","ACMI","UTNW","VE","FORB"
"824","H4","ACMI_UTNW_VE",0.0802302852163454,"RDMC","ACMI","UTNW","VE","FORB"
"825","H1","ARTR_UTC_MC",0.142460317460317,"RDMC","ARTR","UTC","MC","FORB"
"826","H2","ARTR_UTC_MC",0.155535714285714,"RDMC","ARTR","UTC","MC","FORB"
"827","H3","ARTR_UTC_MC",0.0847242263006865,"RDMC","ARTR","UTC","MC","FORB"
"828","H4","ARTR_UTC_MC",0.0996891816458915,"RDMC","ARTR","UTC","MC","FORB"
"829","H1","ARTR_UTSC_B",0.184970238095238,"RDMC","ARTR","UTSC","B","FORB"
"830","H2","ARTR_UTSC_B",0.0879276198892754,"RDMC","ARTR","UTSC","B","FORB"
"831","H3","ARTR_UTSC_B",0.0925609977282439,"RDMC","ARTR","UTSC","B","FORB"
"832","H4","ARTR_UTSC_B",0.127287305441338,"RDMC","ARTR","UTSC","B","FORB"
"833","H1","ARTR_UTSE_MO",0.0807692307692308,"RDMC","ARTR","UTSE","MO","FORB"
"834","H2","ARTR_UTSE_MO",0.121102693602694,"RDMC","ARTR","UTSE","MO","FORB"
"835","H3","ARTR_UTSE_MO",0.0882887948695932,"RDMC","ARTR","UTSE","MO","FORB"
"836","H4","ARTR_UTSE_MO",0.1221649756097,"RDMC","ARTR","UTSE","MO","FORB"
"837","H1","ARTR_UTSW_BJ",0.0652863625005679,"RDMC","ARTR","UTSW","BJ","FORB"
"838","H2","ARTR_UTSW_BJ",0.115263278388278,"RDMC","ARTR","UTSW","BJ","FORB"
"839","H3","ARTR_UTSW_BJ",0.084331047654731,"RDMC","ARTR","UTSW","BJ","FORB"
"840","H4","ARTR_UTSW_BJ",0.176005203113206,"RDMC","ARTR","UTSW","BJ","FORB"
"841","H1","ARTR_UTSW_MV",0.109437229437229,"RDMC","ARTR","UTSW","MV","FORB"
"842","H2","ARTR_UTSW_MV",0.0393833943833944,"RDMC","ARTR","UTSW","MV","FORB"
"843","H3","ARTR_UTSW_MV",0.0779208778987996,"RDMC","ARTR","UTSW","MV","FORB"
"844","H4","ARTR_UTSW_MV",0.117333742531719,"RDMC","ARTR","UTSW","MV","FORB"
"845","H1","ARTR_UTSW_OCR",0.227412587412587,"RDMC","ARTR","UTSW","OCR","FORB"
"846","H2","ARTR_UTSW_OCR",0.106601731601732,"RDMC","ARTR","UTSW","OCR","FORB"
"847","H3","ARTR_UTSW_OCR",0.101097471588073,"RDMC","ARTR","UTSW","OCR","FORB"
"848","H4","ARTR_UTSW_OCR",0.11666184259555,"RDMC","ARTR","UTSW","OCR","FORB"
"849","H1","ELTR_NMNW_C",0.0797662902429344,"RDMC","ELTR","NMNW","C","GRASS"
"850","H2","ELTR_NMNW_C",0.160918446261641,"RDMC","ELTR","NMNW","C","GRASS"
"851","H3","ELTR_NMNW_C",0.174615406920339,"RDMC","ELTR","NMNW","C","GRASS"
"852","H4","ELTR_NMNW_C",0.137970135843055,"RDMC","ELTR","NMNW","C","GRASS"
"853","H1","ELTR_UTC_TMC",0.369988095238095,"RDMC","ELTR","UTC","TMC","GRASS"
"854","H2","ELTR_UTC_TMC",0.166699604743083,"RDMC","ELTR","UTC","TMC","GRASS"
"855","H3","ELTR_UTC_TMC",0.0994983277591973,"RDMC","ELTR","UTC","TMC","GRASS"
"856","H4","ELTR_UTC_TMC",0.118518817518764,"RDMC","ELTR","UTC","TMC","GRASS"
"857","H1","ELTR_UTSW_DNF",0.130458083583084,"RDMC","ELTR","UTSW","DNF","GRASS"
"858","H2","ELTR_UTSW_DNF",0.148172664502115,"RDMC","ELTR","UTSW","DNF","GRASS"
"859","H3","ELTR_UTSW_DNF",0.176926594064345,"RDMC","ELTR","UTSW","DNF","GRASS"
"860","H4","ELTR_UTSW_DNF",0.125117352376787,"RDMC","ELTR","UTSW","DNF","GRASS"
"861","H1","ELTR_UTSW_SP",0.220890625,"RDMC","ELTR","UTSW","SP","GRASS"
"862","H2","ELTR_UTSW_SP",0.112280900900901,"RDMC","ELTR","UTSW","SP","GRASS"
"863","H3","ELTR_UTSW_SP",0.0960545898536275,"RDMC","ELTR","UTSW","SP","GRASS"
"864","H4","ELTR_UTSW_SP",0.104096497361354,"RDMC","ELTR","UTSW","SP","GRASS"
"865","H1","HEAN_AZSE_HWD",0.251112332112332,"RDMC","HEAN","AZSE","HWD","FORB"
"866","H2","HEAN_AZSE_HWD",0.125430849811676,"RDMC","HEAN","AZSE","HWD","FORB"
"867","H3","HEAN_AZSE_HWD",0.0957743857036485,"RDMC","HEAN","AZSE","HWD","FORB"
"868","H4","HEAN_AZSE_HWD",0.0708302420761506,"RDMC","HEAN","AZSE","HWD","FORB"
"869","H1","HEAN_UTEC_CI",0.0706889690337023,"RDMC","HEAN","UTEC","CI","FORB"
"870","H2","HEAN_UTEC_CI",0.0467633678850134,"RDMC","HEAN","UTEC","CI","FORB"
"871","H3","HEAN_UTEC_CI",0.0549005663778983,"RDMC","HEAN","UTEC","CI","FORB"
"872","H4","HEAN_UTEC_CI",NA,"RDMC","HEAN","UTEC","CI","FORB"
"873","H1","HEAN_UTEC_ONWR",0.05641240489887,"RDMC","HEAN","UTEC","ONWR","FORB"
"874","H2","HEAN_UTEC_ONWR",0.0526857374161808,"RDMC","HEAN","UTEC","ONWR","FORB"
"875","H3","HEAN_UTEC_ONWR",0.0594733524021595,"RDMC","HEAN","UTEC","ONWR","FORB"
"876","H4","HEAN_UTEC_ONWR",0.0986181086606557,"RDMC","HEAN","UTEC","ONWR","FORB"
"877","H1","HEAN_UTSE_VNS",0.0394736842105263,"RDMC","HEAN","UTSE","VNS","FORB"
"878","H2","HEAN_UTSE_VNS",0.066400772701994,"RDMC","HEAN","UTSE","VNS","FORB"
"879","H3","HEAN_UTSE_VNS",0.0628337034747576,"RDMC","HEAN","UTSE","VNS","FORB"
"880","H1","HECO_AZNC_KV",0.138917886048427,"RDMC","HECO","AZNC","KV","GRASS"
"881","H2","HECO_AZNC_KV",0.137267198259158,"RDMC","HECO","AZNC","KV","GRASS"
"882","H3","HECO_AZNC_KV",0.13173720663599,"RDMC","HECO","AZNC","KV","GRASS"
"883","H4","HECO_AZNC_KV",0.176664228237015,"RDMC","HECO","AZNC","KV","GRASS"
"884","H1","HECO_UTC_KRRS",0.172113127950491,"RDMC","HECO","UTC","KRRS","GRASS"
"885","H2","HECO_UTC_KRRS",0.103923557156239,"RDMC","HECO","UTC","KRRS","GRASS"
"886","H3","HECO_UTC_KRRS",0.144661848626573,"RDMC","HECO","UTC","KRRS","GRASS"
"887","H4","HECO_UTC_KRRS",0.142378952841501,"RDMC","HECO","UTC","KRRS","GRASS"
"888","H1","HECO_UTC_TMR",0.171623055922566,"RDMC","HECO","UTC","TMR","GRASS"
"889","H2","HECO_UTC_TMR",0.160715408195427,"RDMC","HECO","UTC","TMR","GRASS"
"890","H3","HECO_UTC_TMR",0.130250806774975,"RDMC","HECO","UTC","TMR","GRASS"
"891","H4","HECO_UTC_TMR",0.124207983077213,"RDMC","HECO","UTC","TMR","GRASS"
"892","H1","HECO_UTEC_GRC",0.146286092744718,"RDMC","HECO","UTEC","GRC","GRASS"
"893","H2","HECO_UTEC_GRC",0.126107884735712,"RDMC","HECO","UTEC","GRC","GRASS"
"894","H3","HECO_UTEC_GRC",0.13111673714669,"RDMC","HECO","UTEC","GRC","GRASS"
"895","H4","HECO_UTEC_GRC",0.131742816963993,"RDMC","HECO","UTEC","GRC","GRASS"
"896","H1","HECO_UTSW_SPR",0.148346182483029,"RDMC","HECO","UTSW","SPR","GRASS"
"897","H2","HECO_UTSW_SPR",0.142983675281197,"RDMC","HECO","UTSW","SPR","GRASS"
"898","H3","HECO_UTSW_SPR",0.140642045405558,"RDMC","HECO","UTSW","SPR","GRASS"
"899","H4","HECO_UTSW_SPR",0.165259366329791,"RDMC","HECO","UTSW","SPR","GRASS"
"900","H1","HEVI_AZNC_KV",0.0941123188405797,"RDMC","HEVI","AZNC","KV","FORB"
"901","H2","HEVI_AZNC_KV",0.296651748077872,"RDMC","HEVI","AZNC","KV","FORB"
"902","H3","HEVI_AZNC_KV",0.0812424260484336,"RDMC","HEVI","AZNC","KV","FORB"
"903","H4","HEVI_AZNC_KV",0.0735004744182264,"RDMC","HEVI","AZNC","KV","FORB"
"904","H1","HEVI_COSW_DE",0.0895128205128205,"RDMC","HEVI","COSW","DE","FORB"
"905","H2","HEVI_COSW_DE",0.225644841269841,"RDMC","HEVI","COSW","DE","FORB"
"906","H3","HEVI_COSW_DE",0.0872054572129332,"RDMC","HEVI","COSW","DE","FORB"
"907","H4","HEVI_COSW_DE",0.114713290831591,"RDMC","HEVI","COSW","DE","FORB"
"908","H1","HEVI_NMNW_NC",0.0749264705882353,"RDMC","HEVI","NMNW","NC","FORB"
"909","H2","HEVI_NMNW_NC",0.143389497470893,"RDMC","HEVI","NMNW","NC","FORB"
"910","H3","HEVI_NMNW_NC",0.149842401256143,"RDMC","HEVI","NMNW","NC","FORB"
"911","H4","HEVI_NMNW_NC",0.106412445345053,"RDMC","HEVI","NMNW","NC","FORB"
"912","H1","HEVI_NMNW_ND",0.110371905393457,"RDMC","HEVI","NMNW","ND","FORB"
"913","H2","HEVI_NMNW_ND",0.0995522809394761,"RDMC","HEVI","NMNW","ND","FORB"
"914","H3","HEVI_NMNW_ND",0.155669103821399,"RDMC","HEVI","NMNW","ND","FORB"
"915","H4","HEVI_NMNW_ND",0.0963933279482223,"RDMC","HEVI","NMNW","ND","FORB"
"916","H1","MACA_NMNW_CU",0.0991416666666667,"RDMC","MACA","NMNW","CU","FORB"
"917","H2","MACA_NMNW_CU",0.0521635056011862,"RDMC","MACA","NMNW","CU","FORB"
"918","H3","MACA_NMNW_CU",0.0765935946211084,"RDMC","MACA","NMNW","CU","FORB"
"919","H4","MACA_NMNW_CU",0.102124855820643,"RDMC","MACA","NMNW","CU","FORB"
"920","H1","MACA_NMNW_FC",0.118567407407407,"RDMC","MACA","NMNW","FC","FORB"
"921","H2","MACA_NMNW_FC",0.0924476159902578,"RDMC","MACA","NMNW","FC","FORB"
"922","H3","MACA_NMNW_FC",0.226045348517221,"RDMC","MACA","NMNW","FC","FORB"
"923","H4","MACA_NMNW_FC",0.0940590645836298,"RDMC","MACA","NMNW","FC","FORB"
"924","H1","MACA_UTC_MK",0.112949814969976,"RDMC","MACA","UTC","MK","FORB"
"925","H2","MACA_UTC_MK",0.0646916003140136,"RDMC","MACA","UTC","MK","FORB"
"926","H3","MACA_UTC_MK",0.118068865696374,"RDMC","MACA","UTC","MK","FORB"
"927","H4","MACA_UTC_MK",0.0757927642452497,"RDMC","MACA","UTC","MK","FORB"
"928","H1","MACA_UTNE_BON",0.2971,"RDMC","MACA","UTNE","BON","FORB"
"929","H2","MACA_UTNE_BON",0.148969565217391,"RDMC","MACA","UTNE","BON","FORB"
"930","H3","MACA_UTNE_BON",0.124958833215714,"RDMC","MACA","UTNE","BON","FORB"
"931","H4","MACA_UTNE_BON",0.080577866488706,"RDMC","MACA","UTNE","BON","FORB"
"932","H1","MACA_UTSE_CSR",0.146499102564103,"RDMC","MACA","UTSE","CSR","FORB"
"933","H2","MACA_UTSE_CSR",0.0648070469798658,"RDMC","MACA","UTSE","CSR","FORB"
"934","H3","MACA_UTSE_CSR",0.0638813566683544,"RDMC","MACA","UTSE","CSR","FORB"
"935","H4","MACA_UTSE_CSR",0.0839918571938667,"RDMC","MACA","UTSE","CSR","FORB"
"936","H1","MACA_UTSW_BJ",0.0983783068783069,"RDMC","MACA","UTSW","BJ","FORB"
"937","H2","MACA_UTSW_BJ",0.0676801197764902,"RDMC","MACA","UTSW","BJ","FORB"
"938","H3","MACA_UTSW_BJ",0.0630456574038562,"RDMC","MACA","UTSW","BJ","FORB"
"939","H4","MACA_UTSW_BJ",0.0762026217285233,"RDMC","MACA","UTSW","BJ","FORB"
"940","H1","MUPO_AZSE_BRR",0.23,"RDMC","MUPO","AZSE","BRR","GRASS"
"941","H2","MUPO_AZSE_BRR",0.121191430627138,"RDMC","MUPO","AZSE","BRR","GRASS"
"942","H3","MUPO_AZSE_BRR",0.112099309397255,"RDMC","MUPO","AZSE","BRR","GRASS"
"943","H4","MUPO_AZSE_BRR",0.147538572518172,"RDMC","MUPO","AZSE","BRR","GRASS"
"944","H1","MUPO_AZSE_MRR",0.320089285714286,"RDMC","MUPO","AZSE","MRR","GRASS"
"945","H2","MUPO_AZSE_MRR",0.120312079634114,"RDMC","MUPO","AZSE","MRR","GRASS"
"946","H3","MUPO_AZSE_MRR",0.114727563674365,"RDMC","MUPO","AZSE","MRR","GRASS"
"947","H4","MUPO_AZSE_MRR",0.143665662537136,"RDMC","MUPO","AZSE","MRR","GRASS"
"948","H1","MUPO_AZSE_SIT",0.105,"RDMC","MUPO","AZSE","SIT","GRASS"
"949","H2","MUPO_AZSE_SIT",0.0571884479469619,"RDMC","MUPO","AZSE","SIT","GRASS"
"950","H3","MUPO_AZSE_SIT",0.105718842560948,"RDMC","MUPO","AZSE","SIT","GRASS"
"951","H4","MUPO_AZSE_SIT",0.144017735485385,"RDMC","MUPO","AZSE","SIT","GRASS"
"952","H1","PAMU_AZNC_WMR",0.100221448228414,"RDMC","PAMU","AZNC","WMR","FORB"
"953","H2","PAMU_AZNC_WMR",0.0517679586038961,"RDMC","PAMU","AZNC","WMR","FORB"
"954","H3","PAMU_AZNC_WMR",0.0567139959432049,"RDMC","PAMU","AZNC","WMR","FORB"
"955","H4","PAMU_AZNC_WMR",0.0625909518784002,"RDMC","PAMU","AZNC","WMR","FORB"
"956","H1","PAMU_UTC_WR",0.0219466490299824,"RDMC","PAMU","UTC","WR","FORB"
"957","H2","PAMU_UTC_WR",0.0805327945001858,"RDMC","PAMU","UTC","WR","FORB"
"958","H3","PAMU_UTC_WR",0.148868360277136,"RDMC","PAMU","UTC","WR","FORB"
"959","H4","PAMU_UTC_WR",0.0610079556020777,"RDMC","PAMU","UTC","WR","FORB"
"960","H1","PAMU_UTEC_MC",0.302076259196378,"RDMC","PAMU","UTEC","MC","FORB"
"961","H2","PAMU_UTEC_MC",0.0872060583764593,"RDMC","PAMU","UTEC","MC","FORB"
"962","H3","PAMU_UTEC_MC",0.0628896632738846,"RDMC","PAMU","UTEC","MC","FORB"
"963","H4","PAMU_UTEC_MC",0.0627671435398761,"RDMC","PAMU","UTEC","MC","FORB"
"964","H1","PAMU_UTSE_MO",0.300600343053173,"RDMC","PAMU","UTSE","MO","FORB"
"965","H2","PAMU_UTSE_MO",0.0906557899538394,"RDMC","PAMU","UTSE","MO","FORB"
"966","H3","PAMU_UTSE_MO",0.0557918783725235,"RDMC","PAMU","UTSE","MO","FORB"
"967","H4","PAMU_UTSE_MO",0.0636833046471601,"RDMC","PAMU","UTSE","MO","FORB"
"968","H1","PAMU_UTSW_CP",0.0809615384615385,"RDMC","PAMU","UTSW","CP","FORB"
"969","H2","PAMU_UTSW_CP",0.0764265734265734,"RDMC","PAMU","UTSW","CP","FORB"
"970","H3","PAMU_UTSW_CP",0.0516725595849637,"RDMC","PAMU","UTSW","CP","FORB"
"971","H4","PAMU_UTSW_CP",0.0715487761219836,"RDMC","PAMU","UTSW","CP","FORB"
"972","H1","PLPA_AZC_TC",0.0635319719285564,"RDMC","PLPA","AZC","TC","FORB"
"973","H2","PLPA_AZC_TC",0.0687684353550952,"RDMC","PLPA","AZC","TC","FORB"
"974","H3","PLPA_AZC_TC",0.0965581301654206,"RDMC","PLPA","AZC","TC","FORB"
"975","H4","PLPA_AZC_TC",0.09615168096557,"RDMC","PLPA","AZC","TC","FORB"
"976","H1","PLPA_AZNE_HB",0.33197156196944,"RDMC","PLPA","AZNE","HB","FORB"
"977","H2","PLPA_AZNE_HB",0.0892020512411206,"RDMC","PLPA","AZNE","HB","FORB"
"978","H3","PLPA_AZNE_HB",0.0684135623903339,"RDMC","PLPA","AZNE","HB","FORB"
"979","H4","PLPA_AZNE_HB",0.0885756676557864,"RDMC","PLPA","AZNE","HB","FORB"
"980","H1","PLPA_COSW_UP",0.127365725359911,"RDMC","PLPA","COSW","UP","FORB"
"981","H2","PLPA_COSW_UP",0.0867828982798973,"RDMC","PLPA","COSW","UP","FORB"
"982","H3","PLPA_COSW_UP",0.0835056869063978,"RDMC","PLPA","COSW","UP","FORB"
"983","H4","PLPA_COSW_UP",0.120461153282433,"RDMC","PLPA","COSW","UP","FORB"
"984","H1","PLPA_UTNE_BWR",0.105107902584043,"RDMC","PLPA","UTNE","BWR","FORB"
"985","H2","PLPA_UTNE_BWR",0.0851239121009274,"RDMC","PLPA","UTNE","BWR","FORB"
"986","H3","PLPA_UTNE_BWR",0.150091130366846,"RDMC","PLPA","UTNE","BWR","FORB"
"987","H4","PLPA_UTNE_BWR",0.0938586416097784,"RDMC","PLPA","UTNE","BWR","FORB"
"988","H1","PLPA_UTSC_BTR",0.0842348635057471,"RDMC","PLPA","UTSC","BTR","FORB"
"989","H2","PLPA_UTSC_BTR",0.103760383244207,"RDMC","PLPA","UTSC","BTR","FORB"
"990","H3","PLPA_UTSC_BTR",0.121384935145566,"RDMC","PLPA","UTSC","BTR","FORB"
"991","H4","PLPA_UTSC_BTR",0.0836884267939322,"RDMC","PLPA","UTSC","BTR","FORB"
"992","H1","PLPA_UTSW_HR",0.138680555555556,"RDMC","PLPA","UTSW","HR","FORB"
"993","H2","PLPA_UTSW_HR",0.219884910485934,"RDMC","PLPA","UTSW","HR","FORB"
"994","H3","PLPA_UTSW_HR",0.0663826232247285,"RDMC","PLPA","UTSW","HR","FORB"
"995","H4","PLPA_UTSW_HR",0.0910957684874377,"RDMC","PLPA","UTSW","HR","FORB"
"996","H1","VUOC_AZSW_WB",0.0900168859649123,"RDMC","VUOC","AZSW","WB","GRASS"
"997","H2","VUOC_AZSW_WB",0.0817036543172166,"RDMC","VUOC","AZSW","WB","GRASS"
"998","H3","VUOC_AZSW_WB",0.119422483353874,"RDMC","VUOC","AZSW","WB","GRASS"
"999","H4","VUOC_AZSW_WB",0.13160814517522,"RDMC","VUOC","AZSW","WB","GRASS"
"1000","H1","VUOC_UTC_GRC",0.161625,"RDMC","VUOC","UTC","GRC","GRASS"
"1001","H2","VUOC_UTC_GRC",0.139443629249205,"RDMC","VUOC","UTC","GRC","GRASS"
"1002","H3","VUOC_UTC_GRC",0.127514367816092,"RDMC","VUOC","UTC","GRC","GRASS"
"1003","H4","VUOC_UTC_GRC",0.162137375715198,"RDMC","VUOC","UTC","GRC","GRASS"
"1004","H1","VUOC_UTSE_IM",0.328386111111111,"RDMC","VUOC","UTSE","IM","GRASS"
"1005","H2","VUOC_UTSE_IM",0.075901203478072,"RDMC","VUOC","UTSE","IM","GRASS"
"1006","H3","VUOC_UTSE_IM",0.116981805721546,"RDMC","VUOC","UTSE","IM","GRASS"
"1007","H4","VUOC_UTSE_IM",0.19365373956941,"RDMC","VUOC","UTSE","IM","GRASS"
"1008","H1","VUOC_UTSE_LM",0.258961111111111,"RDMC","VUOC","UTSE","LM","GRASS"
"1009","H2","VUOC_UTSE_LM",0.110215978949329,"RDMC","VUOC","UTSE","LM","GRASS"
"1010","H3","VUOC_UTSE_LM",0.179092937107748,"RDMC","VUOC","UTSE","LM","GRASS"
"1011","H4","VUOC_UTSE_LM",0.121979799357947,"RDMC","VUOC","UTSE","LM","GRASS"
"1012","H1","VUOC_UTSW_HR",0.1375,"RDMC","VUOC","UTSW","HR","GRASS"
"1013","H2","VUOC_UTSW_HR",0.234016532962316,"RDMC","VUOC","UTSW","HR","GRASS"
"1014","H3","VUOC_UTSW_HR",0.0966318785578748,"RDMC","VUOC","UTSW","HR","GRASS"
"1015","H4","VUOC_UTSW_HR",0.163679595007849,"RDMC","VUOC","UTSW","HR","GRASS"
"1016","H1","ACMI_NMNC_CM",0.202233333333333,"RTD","ACMI","NMNC","CM","FORB"
"1017","H2","ACMI_NMNC_CM",0.0892261904761905,"RTD","ACMI","NMNC","CM","FORB"
"1018","H3","ACMI_NMNC_CM",0.0764111111111111,"RTD","ACMI","NMNC","CM","FORB"
"1019","H4","ACMI_NMNC_CM",0.088423645320197,"RTD","ACMI","NMNC","CM","FORB"
"1020","H1","ACMI_UTNW_CCC",0.038,"RTD","ACMI","UTNW","CCC","FORB"
"1021","H2","ACMI_UTNW_CCC",0.0663333333333333,"RTD","ACMI","UTNW","CCC","FORB"
"1022","H3","ACMI_UTNW_CCC",0.0694166666666667,"RTD","ACMI","UTNW","CCC","FORB"
"1023","H4","ACMI_UTNW_CCC",0.0833005661774013,"RTD","ACMI","UTNW","CCC","FORB"
"1024","H1","ACMI_UTNW_VE",0.094,"RTD","ACMI","UTNW","VE","FORB"
"1025","H2","ACMI_UTNW_VE",0.0456666666666667,"RTD","ACMI","UTNW","VE","FORB"
"1026","H3","ACMI_UTNW_VE",0.0674608150470219,"RTD","ACMI","UTNW","VE","FORB"
"1027","H4","ACMI_UTNW_VE",0.115143346379605,"RTD","ACMI","UTNW","VE","FORB"
"1028","H1","ARTR_UTC_MC",0.0563333333333333,"RTD","ARTR","UTC","MC","FORB"
"1029","H2","ARTR_UTC_MC",0.0538630952380952,"RTD","ARTR","UTC","MC","FORB"
"1030","H3","ARTR_UTC_MC",0.0984782020298114,"RTD","ARTR","UTC","MC","FORB"
"1031","H4","ARTR_UTC_MC",0.0937504056138917,"RTD","ARTR","UTC","MC","FORB"
"1032","H1","ARTR_UTSC_B",0.112083333333333,"RTD","ARTR","UTSC","B","FORB"
"1033","H2","ARTR_UTSC_B",0.0781041666666667,"RTD","ARTR","UTSC","B","FORB"
"1034","H3","ARTR_UTSC_B",0.105493612078978,"RTD","ARTR","UTSC","B","FORB"
"1035","H4","ARTR_UTSC_B",0.144881023817811,"RTD","ARTR","UTSC","B","FORB"
"1036","H1","ARTR_UTSE_MO",0.063,"RTD","ARTR","UTSE","MO","FORB"
"1037","H2","ARTR_UTSE_MO",0.0862916666666667,"RTD","ARTR","UTSE","MO","FORB"
"1038","H3","ARTR_UTSE_MO",0.102758249105347,"RTD","ARTR","UTSE","MO","FORB"
"1039","H4","ARTR_UTSE_MO",0.122042156387097,"RTD","ARTR","UTSE","MO","FORB"
"1040","H1","ARTR_UTSW_BJ",0.0628333333333333,"RTD","ARTR","UTSW","BJ","FORB"
"1041","H2","ARTR_UTSW_BJ",0.140416666666667,"RTD","ARTR","UTSW","BJ","FORB"
"1042","H3","ARTR_UTSW_BJ",0.0889973568098568,"RTD","ARTR","UTSW","BJ","FORB"
"1043","H4","ARTR_UTSW_BJ",0.136963322732301,"RTD","ARTR","UTSW","BJ","FORB"
"1044","H1","ARTR_UTSW_MV",0.1025,"RTD","ARTR","UTSW","MV","FORB"
"1045","H2","ARTR_UTSW_MV",0.0404126984126984,"RTD","ARTR","UTSW","MV","FORB"
"1046","H3","ARTR_UTSW_MV",0.0559961315280464,"RTD","ARTR","UTSW","MV","FORB"
"1047","H4","ARTR_UTSW_MV",0.126121635869674,"RTD","ARTR","UTSW","MV","FORB"
"1048","H1","ARTR_UTSW_OCR",0.07825,"RTD","ARTR","UTSW","OCR","FORB"
"1049","H2","ARTR_UTSW_OCR",0.0930555555555556,"RTD","ARTR","UTSW","OCR","FORB"
"1050","H3","ARTR_UTSW_OCR",0.116209587513935,"RTD","ARTR","UTSW","OCR","FORB"
"1051","H4","ARTR_UTSW_OCR",0.116484871829929,"RTD","ARTR","UTSW","OCR","FORB"
"1052","H1","ELTR_NMNW_C",0.0393706682638829,"RTD","ELTR","NMNW","C","GRASS"
"1053","H2","ELTR_NMNW_C",0.0584145769635997,"RTD","ELTR","NMNW","C","GRASS"
"1054","H3","ELTR_NMNW_C",0.0439007519201099,"RTD","ELTR","NMNW","C","GRASS"
"1055","H4","ELTR_NMNW_C",0.143233783286145,"RTD","ELTR","NMNW","C","GRASS"
"1056","H1","ELTR_UTC_TMC",0.08084125,"RTD","ELTR","UTC","TMC","GRASS"
"1057","H2","ELTR_UTC_TMC",0.0573611111111111,"RTD","ELTR","UTC","TMC","GRASS"
"1058","H3","ELTR_UTC_TMC",0.0452825872064162,"RTD","ELTR","UTC","TMC","GRASS"
"1059","H4","ELTR_UTC_TMC",0.090851793976162,"RTD","ELTR","UTC","TMC","GRASS"
"1060","H1","ELTR_UTSW_DNF",0.0674840117535217,"RTD","ELTR","UTSW","DNF","GRASS"
"1061","H2","ELTR_UTSW_DNF",0.0630757540232027,"RTD","ELTR","UTSW","DNF","GRASS"
"1062","H3","ELTR_UTSW_DNF",0.0541143101617836,"RTD","ELTR","UTSW","DNF","GRASS"
"1063","H4","ELTR_UTSW_DNF",0.103830061888717,"RTD","ELTR","UTSW","DNF","GRASS"
"1064","H1","ELTR_UTSW_SP",0.0413219047619048,"RTD","ELTR","UTSW","SP","GRASS"
"1065","H2","ELTR_UTSW_SP",0.0372100790513834,"RTD","ELTR","UTSW","SP","GRASS"
"1066","H3","ELTR_UTSW_SP",0.033015873015873,"RTD","ELTR","UTSW","SP","GRASS"
"1067","H4","ELTR_UTSW_SP",0.12546538964258,"RTD","ELTR","UTSW","SP","GRASS"
"1068","H1","HEAN_AZSE_HWD",0.205922222222222,"RTD","HEAN","AZSE","HWD","FORB"
"1069","H2","HEAN_AZSE_HWD",0.105575,"RTD","HEAN","AZSE","HWD","FORB"
"1070","H3","HEAN_AZSE_HWD",0.126184210526316,"RTD","HEAN","AZSE","HWD","FORB"
"1071","H4","HEAN_AZSE_HWD",0.0844428247281445,"RTD","HEAN","AZSE","HWD","FORB"
"1072","H1","HEAN_UTEC_CI",0.0774561403508772,"RTD","HEAN","UTEC","CI","FORB"
"1073","H2","HEAN_UTEC_CI",0.0588983896668259,"RTD","HEAN","UTEC","CI","FORB"
"1074","H3","HEAN_UTEC_CI",0.0566822948175035,"RTD","HEAN","UTEC","CI","FORB"
"1075","H4","HEAN_UTEC_CI",NA,"RTD","HEAN","UTEC","CI","FORB"
"1076","H1","HEAN_UTEC_ONWR",0.0770588235294118,"RTD","HEAN","UTEC","ONWR","FORB"
"1077","H2","HEAN_UTEC_ONWR",0.0683703784713933,"RTD","HEAN","UTEC","ONWR","FORB"
"1078","H3","HEAN_UTEC_ONWR",0.0807529732888242,"RTD","HEAN","UTEC","ONWR","FORB"
"1079","H4","HEAN_UTEC_ONWR",0.0978191145840828,"RTD","HEAN","UTEC","ONWR","FORB"
"1080","H1","HEAN_UTSE_VNS",0.05,"RTD","HEAN","UTSE","VNS","FORB"
"1081","H2","HEAN_UTSE_VNS",0.0716060537221373,"RTD","HEAN","UTSE","VNS","FORB"
"1082","H3","HEAN_UTSE_VNS",0.08740827596794,"RTD","HEAN","UTSE","VNS","FORB"
"1083","H1","HECO_AZNC_KV",0.104062801932367,"RTD","HECO","AZNC","KV","GRASS"
"1084","H2","HECO_AZNC_KV",0.0991763427775408,"RTD","HECO","AZNC","KV","GRASS"
"1085","H3","HECO_AZNC_KV",0.0626633250707629,"RTD","HECO","AZNC","KV","GRASS"
"1086","H4","HECO_AZNC_KV",0.118324350808427,"RTD","HECO","AZNC","KV","GRASS"
"1087","H1","HECO_UTC_KRRS",0.0818357337238406,"RTD","HECO","UTC","KRRS","GRASS"
"1088","H2","HECO_UTC_KRRS",0.044034528480093,"RTD","HECO","UTC","KRRS","GRASS"
"1089","H3","HECO_UTC_KRRS",0.0838236751404154,"RTD","HECO","UTC","KRRS","GRASS"
"1090","H4","HECO_UTC_KRRS",0.128350859214296,"RTD","HECO","UTC","KRRS","GRASS"
"1091","H1","HECO_UTC_TMR",0.0474745624745625,"RTD","HECO","UTC","TMR","GRASS"
"1092","H2","HECO_UTC_TMR",0.0529499973812583,"RTD","HECO","UTC","TMR","GRASS"
"1093","H3","HECO_UTC_TMR",0.0657893752338197,"RTD","HECO","UTC","TMR","GRASS"
"1094","H4","HECO_UTC_TMR",0.0944394637344288,"RTD","HECO","UTC","TMR","GRASS"
"1095","H1","HECO_UTEC_GRC",0.0448074512360227,"RTD","HECO","UTEC","GRC","GRASS"
"1096","H2","HECO_UTEC_GRC",0.0475416860821463,"RTD","HECO","UTEC","GRC","GRASS"
"1097","H3","HECO_UTEC_GRC",0.0590856283904252,"RTD","HECO","UTEC","GRC","GRASS"
"1098","H4","HECO_UTEC_GRC",0.0677074463110038,"RTD","HECO","UTEC","GRC","GRASS"
"1099","H1","HECO_UTSW_SPR",0.0589735032769088,"RTD","HECO","UTSW","SPR","GRASS"
"1100","H2","HECO_UTSW_SPR",0.0528248699226519,"RTD","HECO","UTSW","SPR","GRASS"
"1101","H3","HECO_UTSW_SPR",0.0685938903684595,"RTD","HECO","UTSW","SPR","GRASS"
"1102","H4","HECO_UTSW_SPR",0.118318857422794,"RTD","HECO","UTSW","SPR","GRASS"
"1103","H1","HEVI_AZNC_KV",0.0683333333333333,"RTD","HEVI","AZNC","KV","FORB"
"1104","H2","HEVI_AZNC_KV",0.24752380952381,"RTD","HEVI","AZNC","KV","FORB"
"1105","H3","HEVI_AZNC_KV",0.0844599844599845,"RTD","HEVI","AZNC","KV","FORB"
"1106","H4","HEVI_AZNC_KV",0.0642478283083868,"RTD","HEVI","AZNC","KV","FORB"
"1107","H1","HEVI_COSW_DE",0.0743333333333333,"RTD","HEVI","COSW","DE","FORB"
"1108","H2","HEVI_COSW_DE",0.065294237012987,"RTD","HEVI","COSW","DE","FORB"
"1109","H3","HEVI_COSW_DE",0.0597373737373737,"RTD","HEVI","COSW","DE","FORB"
"1110","H4","HEVI_COSW_DE",0.105088207839886,"RTD","HEVI","COSW","DE","FORB"
"1111","H1","HEVI_NMNW_NC",0.0515,"RTD","HEVI","NMNW","NC","FORB"
"1112","H2","HEVI_NMNW_NC",0.119205882352941,"RTD","HEVI","NMNW","NC","FORB"
"1113","H3","HEVI_NMNW_NC",0.173202380952381,"RTD","HEVI","NMNW","NC","FORB"
"1114","H4","HEVI_NMNW_NC",0.103171592920145,"RTD","HEVI","NMNW","NC","FORB"
"1115","H1","HEVI_NMNW_ND",0.0526041666666667,"RTD","HEVI","NMNW","ND","FORB"
"1116","H2","HEVI_NMNW_ND",0.0716944444444444,"RTD","HEVI","NMNW","ND","FORB"
"1117","H3","HEVI_NMNW_ND",0.10765931372549,"RTD","HEVI","NMNW","ND","FORB"
"1118","H4","HEVI_NMNW_ND",0.0776575043261723,"RTD","HEVI","NMNW","ND","FORB"
"1119","H1","MACA_NMNW_CU",0.0657066666666667,"RTD","MACA","NMNW","CU","FORB"
"1120","H2","MACA_NMNW_CU",0.0562962962962963,"RTD","MACA","NMNW","CU","FORB"
"1121","H3","MACA_NMNW_CU",0.0718307500956755,"RTD","MACA","NMNW","CU","FORB"
"1122","H4","MACA_NMNW_CU",0.10831726375623,"RTD","MACA","NMNW","CU","FORB"
"1123","H1","MACA_NMNW_FC",0.06894,"RTD","MACA","NMNW","FC","FORB"
"1124","H2","MACA_NMNW_FC",0.0938888888888889,"RTD","MACA","NMNW","FC","FORB"
"1125","H3","MACA_NMNW_FC",0.120576174007547,"RTD","MACA","NMNW","FC","FORB"
"1126","H4","MACA_NMNW_FC",0.0795475933741157,"RTD","MACA","NMNW","FC","FORB"
"1127","H1","MACA_UTC_MK",0.123420833333333,"RTD","MACA","UTC","MK","FORB"
"1128","H2","MACA_UTC_MK",0.0669206188548294,"RTD","MACA","UTC","MK","FORB"
"1129","H3","MACA_UTC_MK",0.159803921568627,"RTD","MACA","UTC","MK","FORB"
"1130","H4","MACA_UTC_MK",0.0793006623498564,"RTD","MACA","UTC","MK","FORB"
"1131","H1","MACA_UTNE_BON",0.2048,"RTD","MACA","UTNE","BON","FORB"
"1132","H2","MACA_UTNE_BON",0.142466666666667,"RTD","MACA","UTNE","BON","FORB"
"1133","H3","MACA_UTNE_BON",0.144166666666667,"RTD","MACA","UTNE","BON","FORB"
"1134","H4","MACA_UTNE_BON",0.10875657454823,"RTD","MACA","UTNE","BON","FORB"
"1135","H1","MACA_UTSE_CSR",0.0598,"RTD","MACA","UTSE","CSR","FORB"
"1136","H2","MACA_UTSE_CSR",0.0665865384615385,"RTD","MACA","UTSE","CSR","FORB"
"1137","H3","MACA_UTSE_CSR",0.0738671496258895,"RTD","MACA","UTSE","CSR","FORB"
"1138","H4","MACA_UTSE_CSR",0.092782638355348,"RTD","MACA","UTSE","CSR","FORB"
"1139","H1","MACA_UTSW_BJ",0.0769333333333333,"RTD","MACA","UTSW","BJ","FORB"
"1140","H2","MACA_UTSW_BJ",0.08,"RTD","MACA","UTSW","BJ","FORB"
"1141","H3","MACA_UTSW_BJ",0.069349477682811,"RTD","MACA","UTSW","BJ","FORB"
"1142","H4","MACA_UTSW_BJ",0.0671605967692181,"RTD","MACA","UTSW","BJ","FORB"
"1143","H1","MUPO_AZSE_BRR",0.171,"RTD","MUPO","AZSE","BRR","GRASS"
"1144","H2","MUPO_AZSE_BRR",0.104034391534392,"RTD","MUPO","AZSE","BRR","GRASS"
"1145","H3","MUPO_AZSE_BRR",0.11601378462138,"RTD","MUPO","AZSE","BRR","GRASS"
"1146","H4","MUPO_AZSE_BRR",0.134329444865721,"RTD","MUPO","AZSE","BRR","GRASS"
"1147","H1","MUPO_AZSE_MRR",0.14375,"RTD","MUPO","AZSE","MRR","GRASS"
"1148","H2","MUPO_AZSE_MRR",0.102777777777778,"RTD","MUPO","AZSE","MRR","GRASS"
"1149","H3","MUPO_AZSE_MRR",0.148473473473473,"RTD","MUPO","AZSE","MRR","GRASS"
"1150","H4","MUPO_AZSE_MRR",0.161918843194956,"RTD","MUPO","AZSE","MRR","GRASS"
"1151","H1","MUPO_AZSE_SIT",0.223833333333333,"RTD","MUPO","AZSE","SIT","GRASS"
"1152","H2","MUPO_AZSE_SIT",0.0327045454545455,"RTD","MUPO","AZSE","SIT","GRASS"
"1153","H3","MUPO_AZSE_SIT",0.112777777777778,"RTD","MUPO","AZSE","SIT","GRASS"
"1154","H4","MUPO_AZSE_SIT",0.113184968758208,"RTD","MUPO","AZSE","SIT","GRASS"
"1155","H1","PAMU_AZNC_WMR",0.0739583333333333,"RTD","PAMU","AZNC","WMR","FORB"
"1156","H2","PAMU_AZNC_WMR",0.0359375,"RTD","PAMU","AZNC","WMR","FORB"
"1157","H3","PAMU_AZNC_WMR",0.0622222222222222,"RTD","PAMU","AZNC","WMR","FORB"
"1158","H4","PAMU_AZNC_WMR",0.059501297340504,"RTD","PAMU","AZNC","WMR","FORB"
"1159","H1","PAMU_UTC_WR",0.02,"RTD","PAMU","UTC","WR","FORB"
"1160","H2","PAMU_UTC_WR",0.0608365384615385,"RTD","PAMU","UTC","WR","FORB"
"1161","H3","PAMU_UTC_WR",0.127173913043478,"RTD","PAMU","UTC","WR","FORB"
"1162","H4","PAMU_UTC_WR",0.0756985669284352,"RTD","PAMU","UTC","WR","FORB"
"1163","H1","PAMU_UTEC_MC",0.164166666666667,"RTD","PAMU","UTEC","MC","FORB"
"1164","H2","PAMU_UTEC_MC",0.0524465811965812,"RTD","PAMU","UTEC","MC","FORB"
"1165","H3","PAMU_UTEC_MC",0.0716666666666667,"RTD","PAMU","UTEC","MC","FORB"
"1166","H4","PAMU_UTEC_MC",0.0771343791679215,"RTD","PAMU","UTEC","MC","FORB"
"1167","H1","PAMU_UTSE_MO",0.125,"RTD","PAMU","UTSE","MO","FORB"
"1168","H2","PAMU_UTSE_MO",0.0796833333333333,"RTD","PAMU","UTSE","MO","FORB"
"1169","H3","PAMU_UTSE_MO",0.0458333333333333,"RTD","PAMU","UTSE","MO","FORB"
"1170","H4","PAMU_UTSE_MO",0.0711684677125052,"RTD","PAMU","UTSE","MO","FORB"
"1171","H1","PAMU_UTSW_CP",0.0745,"RTD","PAMU","UTSW","CP","FORB"
"1172","H2","PAMU_UTSW_CP",0.0708,"RTD","PAMU","UTSW","CP","FORB"
"1173","H3","PAMU_UTSW_CP",0.0498931623931624,"RTD","PAMU","UTSW","CP","FORB"
"1174","H4","PAMU_UTSW_CP",0.0862418721683596,"RTD","PAMU","UTSW","CP","FORB"
"1175","H1","PLPA_AZC_TC",0.0348939393939394,"RTD","PLPA","AZC","TC","FORB"
"1176","H2","PLPA_AZC_TC",0.0249519230769231,"RTD","PLPA","AZC","TC","FORB"
"1177","H3","PLPA_AZC_TC",0.0477170694148306,"RTD","PLPA","AZC","TC","FORB"
"1178","H4","PLPA_AZC_TC",0.0699826814894022,"RTD","PLPA","AZC","TC","FORB"
"1179","H1","PLPA_AZNE_HB",0.132291666666667,"RTD","PLPA","AZNE","HB","FORB"
"1180","H2","PLPA_AZNE_HB",0.0452232142857143,"RTD","PLPA","AZNE","HB","FORB"
"1181","H3","PLPA_AZNE_HB",0.0375622681505034,"RTD","PLPA","AZNE","HB","FORB"
"1182","H4","PLPA_AZNE_HB",0.103826086956522,"RTD","PLPA","AZNE","HB","FORB"
"1183","H1","PLPA_COSW_UP",0.0502380952380952,"RTD","PLPA","COSW","UP","FORB"
"1184","H2","PLPA_COSW_UP",0.0430121259029928,"RTD","PLPA","COSW","UP","FORB"
"1185","H3","PLPA_COSW_UP",0.0444280023409445,"RTD","PLPA","COSW","UP","FORB"
"1186","H4","PLPA_COSW_UP",0.101389840319043,"RTD","PLPA","COSW","UP","FORB"
"1187","H1","PLPA_UTNE_BWR",0.0655714285714286,"RTD","PLPA","UTNE","BWR","FORB"
"1188","H2","PLPA_UTNE_BWR",0.038508152173913,"RTD","PLPA","UTNE","BWR","FORB"
"1189","H3","PLPA_UTNE_BWR",0.0354421516985184,"RTD","PLPA","UTNE","BWR","FORB"
"1190","H4","PLPA_UTNE_BWR",0.0790699604238478,"RTD","PLPA","UTNE","BWR","FORB"
"1191","H1","PLPA_UTSC_BTR",0.0371526709401709,"RTD","PLPA","UTSC","BTR","FORB"
"1192","H2","PLPA_UTSC_BTR",0.034130303030303,"RTD","PLPA","UTSC","BTR","FORB"
"1193","H3","PLPA_UTSC_BTR",0.0293321692709537,"RTD","PLPA","UTSC","BTR","FORB"
"1194","H4","PLPA_UTSC_BTR",0.0659650694133453,"RTD","PLPA","UTSC","BTR","FORB"
"1195","H1","PLPA_UTSW_HR",0.0539285714285714,"RTD","PLPA","UTSW","HR","FORB"
"1196","H2","PLPA_UTSW_HR",0.0755923763736264,"RTD","PLPA","UTSW","HR","FORB"
"1197","H3","PLPA_UTSW_HR",0.0314980158730159,"RTD","PLPA","UTSW","HR","FORB"
"1198","H4","PLPA_UTSW_HR",0.0500044369509273,"RTD","PLPA","UTSW","HR","FORB"
"1199","H1","VUOC_AZSW_WB",0.0382041666666667,"RTD","VUOC","AZSW","WB","GRASS"
"1200","H2","VUOC_AZSW_WB",0.0328260281385281,"RTD","VUOC","AZSW","WB","GRASS"
"1201","H3","VUOC_AZSW_WB",0.0388988209010626,"RTD","VUOC","AZSW","WB","GRASS"
"1202","H4","VUOC_AZSW_WB",0.0249978833687867,"RTD","VUOC","AZSW","WB","GRASS"
"1203","H1","VUOC_UTC_GRC",0.0582208333333333,"RTD","VUOC","UTC","GRC","GRASS"
"1204","H2","VUOC_UTC_GRC",0.0368475437605872,"RTD","VUOC","UTC","GRC","GRASS"
"1205","H3","VUOC_UTC_GRC",0.0386346839959225,"RTD","VUOC","UTC","GRC","GRASS"
"1206","H4","VUOC_UTC_GRC",0.0404443622250398,"RTD","VUOC","UTC","GRC","GRASS"
"1207","H1","VUOC_UTSE_IM",0.0517245833333333,"RTD","VUOC","UTSE","IM","GRASS"
"1208","H2","VUOC_UTSE_IM",0.0364958575906852,"RTD","VUOC","UTSE","IM","GRASS"
"1209","H3","VUOC_UTSE_IM",0.0462701440116301,"RTD","VUOC","UTSE","IM","GRASS"
"1210","H4","VUOC_UTSE_IM",0.0276247195086864,"RTD","VUOC","UTSE","IM","GRASS"
"1211","H1","VUOC_UTSE_LM",0.0423075,"RTD","VUOC","UTSE","LM","GRASS"
"1212","H2","VUOC_UTSE_LM",0.0478553685897436,"RTD","VUOC","UTSE","LM","GRASS"
"1213","H3","VUOC_UTSE_LM",0.0356977872996441,"RTD","VUOC","UTSE","LM","GRASS"
"1214","H4","VUOC_UTSE_LM",0.0251088421843097,"RTD","VUOC","UTSE","LM","GRASS"
"1215","H1","VUOC_UTSW_HR",0.0476071428571428,"RTD","VUOC","UTSW","HR","GRASS"
"1216","H2","VUOC_UTSW_HR",0.0462797619047619,"RTD","VUOC","UTSW","HR","GRASS"
"1217","H3","VUOC_UTSW_HR",0.0336703431372549,"RTD","VUOC","UTSW","HR","GRASS"
"1218","H4","VUOC_UTSW_HR",0.029468911843649,"RTD","VUOC","UTSW","HR","GRASS"
